,course_code,title,instructor,distros,time,location
1,AMST0103A-S26,Asian Americas,Rachael Joo,AMR SOC,"11:15am-12:30pm on Tuesday, Thursday (Feb 9, 2026 to May 11, 2026)",Axinn Center 103 (AXN 103)
2,AMST0104A-S26,"Television & American Culture
Please register via FMMC 0104A",Jason Mittell,AMR SOC,"2:15pm-3:30pm on Tuesday, Thursday at AXN 109 (Feb 9, 2026 to May 11, 2026)
7:30pm-10:25pm on Tuesday at AXN 100 (Feb 9, 2026 to May 11, 2026)",Axinn Center 109 (AXN 109)
3,AMST0108A-S26,Childhood in America,Deb Evans,"AMR HIS, LIT","12:45pm-2:00pm on Tuesday, Thursday (Feb 9, 2026 to May 11, 2026)",Axinn Center 219 (AXN 219)
4,AMST0109A-S26,U.S. Origin Stories,Holly Allen,AMR HIS,"11:15am-12:30pm on Monday, Wednesday (Feb 9, 2026 to May 11, 2026)",Axinn Center 219 (AXN 219)
5,AMST0219A-S26,"Remembering Am Rev, 1776-2026",Ellery Foutch,"AMR ART, HIS","11:15am-12:30pm on Tuesday, Thursday (Feb 9, 2026 to May 11, 2026)",Axinn Center 220 (AXN 220)
6,AMST0234A-S26,American Consumer Culture,Holly Allen,AMR HIS,"2:15pm-3:30pm on Monday, Wednesday (Feb 9, 2026 to May 11, 2026)",Axinn Center 103 (AXN 103)
7,AMST0239A-S26,Cultural Work Country Music,William Nash,"AMR HIS, SOC","9:45am-11:00am on Monday, Wednesday (Feb 9, 2026 to May 11, 2026)",Axinn Center 219 (AXN 219)
8,AMST0263A-S26,"American Psycho
Please register via ENGL 0263A",Michael Newbury,AMR LIT,"11:15am-12:30pm on Tuesday, Thursday (Feb 9, 2026 to May 11, 2026)",Axinn Center 105 (AXN 105)
9,AMST0266A-S26,Greenwich Village 1912-1923,Deb Evans,"AMR HIS, LIT","9:45am-11:00am on Tuesday, Thursday (Feb 9, 2026 to May 11, 2026)",Axinn Center 103 (AXN 103)
10,AMST0304A-S26,The Graphic Novel,Michael Newbury,AMR LIT,"2:15pm-3:05pm on Tuesday, Thursday (Feb 9, 2026 to May 11, 2026)",Axinn Center 105 (AXN 105)
11,AMST0327A-S26,Imagining Rural America,William Nash,"AMR ART, LIT","12:45pm-2:00pm on Monday, Wednesday (Feb 9, 2026 to May 11, 2026)",Axinn Center 219 (AXN 219)
12,AMST0380A-S26,The Immigrant Memoir,Rachael Joo,"AMR CW, SOC","12:45pm-2:00pm on Tuesday, Thursday (Feb 9, 2026 to May 11, 2026)",Axinn Center 104 (AXN 104)
13,ANTH0103A-S26,Cultural Anthropology,Michael Sheridan,CMP SOC,"9:45am-10:35am on Tuesday, Thursday (Feb 9, 2026 to May 11, 2026)",Axinn Center 229 (AXN 229)
14,ANTH0107A-S26,Introduction to Archaeology,James Fitzsimmons,"CMP HIS, SOC","8:40am-9:30am on Monday, Wednesday (Feb 9, 2026 to May 11, 2026)",Johnson Memorial Building 204 (JHN 204)
15,ANTH0211A-S26,Environmental Anthropology,Michael Sheridan,CMP SOC,"11:15am-12:30pm on Tuesday, Thursday (Feb 9, 2026 to May 11, 2026)",Axinn Center 103 (AXN 103)
16,ANTH0221A-S26,Indigenous Peoples of Americas,David Stoll,"AMR CMP, SOC","11:15am-12:30pm on Tuesday, Thursday (Feb 9, 2026 to May 11, 2026)",Munroe Hall 311 (MNR 311)
17,ANTH0229A-S26,Anthro of the Middle East,Fulya Pinar,"CMP HIS, MDE, SOC","2:15pm-3:30pm on Monday, Wednesday (Feb 9, 2026 to May 11, 2026)",Munroe Hall 311 (MNR 311)
18,ANTH0241A-S26,Anthro Warfare & Polarization,David Stoll,SOC,"9:45am-11:00am on Monday, Wednesday (Feb 9, 2026 to May 11, 2026)",Munroe Hall 311 (MNR 311)
19,ANTH0274A-S26,Migration and Social Justice,Fulya Pinar,CMP SOC,"11:15am-12:30pm on Monday, Wednesday (Feb 9, 2026 to May 11, 2026)",Munroe Hall 406 (MNR 406)
20,ANTH0306A-S26,Anthropological Theory,Kristin Bright,SOC,"9:45am-11:00am on Tuesday, Thursday (Feb 9, 2026 to May 11, 2026)",Munroe Hall 406 (MNR 406)
21,ANTH0321A-S26,Renewing Endangered Languages,Marybeth Nevins,CMP SOC,"2:15pm-3:30pm on Tuesday, Thursday (Feb 9, 2026 to May 11, 2026)",Sunderland Lanuage Ctr 202 (SDL 202)
22,ANTH0340A-S26,The Traveling Tonic,Kristin Bright,SOC,"12:45pm-2:00pm on Tuesday, Thursday (Feb 9, 2026 to May 11, 2026)",Atwater Dining 102 (ATD 102)
23,ANTH0410A-S26,Sorcery in Mesoamerica,James Fitzsimmons,"AMR CMP, CW, NOR, PHL, SOC","12:45pm-2:00pm on Monday, Wednesday (Feb 9, 2026 to May 11, 2026)",Munroe Hall 112 (MNR 112)
24,ARBC0103A-S26,Beginning Arabic III,Maryait Khader,LNG,"9:45am-11:00am on Tuesday, Thursday at LIB 230 (Feb 9, 2026 to May 11, 2026)
9:45am-11:00am on Monday, Wednesday at LIB 230 (Feb 9, 2026 to May 11, 2026)",Library 230 (LIB 230)
25,ARBC0103B-S26,Beginning Arabic III,Dima Ayoub,LNG,"2:15pm-3:30pm on Tuesday, Thursday at MAC 209 (Feb 9, 2026 to May 11, 2026)
2:15pm-3:30pm on Monday, Wednesday at MAC 209 (Feb 9, 2026 to May 11, 2026)",Mahaney Center for the Arts 209 (MAC 209)
26,ARBC0202A-S26,Intermediate Arabic II,Samuel Liebhaber,LNG,"8:40am-9:30am on Tuesday, Thursday, Friday at SDL 130 (Feb 9, 2026 to May 11, 2026)
9:45am-11:00am on Monday, Wednesday at SDL 130 (Feb 9, 2026 to May 11, 2026)",Sunderland Lanuage Ctr 130 (SDL 130)
27,ARBC0235A-S26,Gender Politics in Arab World,Dima Ayoub,"CMP CW, MDE, SOC","7:30pm-10:25pm on Wednesday (Feb 9, 2026 to May 11, 2026)",Axinn Center 219 (AXN 219)
28,ARBC0302A-S26,Advanced Arabic II,Maryait Khader,LNG,"11:15am-12:05pm on Thursday at LIB 230 (Feb 9, 2026 to May 11, 2026)
11:15am-12:30pm on Monday, Wednesday at LIB 230 (Feb 9, 2026 to May 11, 2026)",Library 230 (LIB 230)
29,ARBC0410A-S26,Classical Arabic Prose,Samuel Liebhaber,"LIT LNG, MDE","11:15am-12:30pm on Tuesday, Thursday (Feb 9, 2026 to May 11, 2026)",75 Shannon Street 206 (75SHS 206)
30,ARDV0116A-S26,The Creative Process,Laurel Jenkins,ART,"12:45pm-2:00pm on Tuesday, Thursday (Feb 9, 2026 to May 11, 2026)",Mahaney Center for the Arts 109 (MAC 109)
31,ART0163A-S26 ,Visual Storytelling,Michelle Leftheris,ART,"9:45am-12:30pm on Tuesday, Thursday (Feb 9, 2026 to May 11, 2026)",Johnson Memorial Building 307 (JHN 307)
32,ART0187A-S26 ,Making Art in the 21st Century,Roger White,ART SOC,"9:45am-11:00am on Monday, Wednesday (Feb 9, 2026 to May 11, 2026)",Johnson Memorial Building 305 (JHN 305)
33,ART0300A-S26 ,Advanced Drawing,TBD,ART,"1:30pm-4:15pm on Monday, Wednesday (Feb 9, 2026 to May 11, 2026)",Johnson Memorial Building 103 (JHN 103)
34,ART0303A-S26 ,Painting the Figure in Oil,TBD,"ART CMP, HIS","9:45am-11:00am on Monday, Wednesday (Feb 9, 2026 to May 11, 2026)",Johnson Memorial Building 303 (JHN 303)
35,ART0331A-S26 ,Hot Processes!,Margaret Jacobs,ART,"1:30pm-4:15pm on Tuesday, Thursday (Feb 9, 2026 to May 11, 2026)",Johnson Memorial Building 107 (JHN 107)
36,ART0349A-S26 ,The Alchemy of Photography,Michelle Leftheris,ART,"1:30pm-4:15pm on Tuesday, Thursday (Feb 9, 2026 to May 11, 2026)",Johnson Memorial Building 307 (JHN 307)
37,ART0371A-S26 ,Sculpture I,Margaret Jacobs,ART,"9:45am-12:30pm on Tuesday, Thursday (Feb 9, 2026 to May 11, 2026)",Johnson Memorial Building 105 (JHN 105)
38,ART0700Z-S26 ,"Advanced Studio Thesis I
Supervised Studio Time",Roger White,,"7:00pm-8:29pm on Sunday (Feb 9, 2026 to May 11, 2026)",Johnson Memorial Building 108 (JHN 108)
39,ART0701Z-S26 ,"Advanced Studio Thesis II
Supervised Studio Time",Roger White,,"7:00pm-8:29pm on Sunday (Feb 9, 2026 to May 11, 2026)",Johnson Memorial Building 108 (JHN 108)
40,ART0702Z-S26 ,"Advanced Studio Thesis III
Supervised Studio Time",Roger White,,"7:00pm-8:29pm on Sunday (Feb 9, 2026 to May 11, 2026)",Johnson Memorial Building 108 (JHN 108)
41,ART0163A-S26 ,Visual Storytelling,Michelle Leftheris,ART,"9:45am-12:30pm on Tuesday, Thursday (Feb 9, 2026 to May 11, 2026)",Johnson Memorial Building 307 (JHN 307)
42,ART0187A-S26 ,Making Art in the 21st Century,Roger White,ART SOC,"9:45am-11:00am on Monday, Wednesday (Feb 9, 2026 to May 11, 2026)",Johnson Memorial Building 305 (JHN 305)
43,ART0300A-S26 ,Advanced Drawing,TBD,ART,"1:30pm-4:15pm on Monday, Wednesday (Feb 9, 2026 to May 11, 2026)",Johnson Memorial Building 103 (JHN 103)
44,ART0303A-S26 ,Painting the Figure in Oil,TBD,"ART CMP, HIS","9:45am-11:00am on Monday, Wednesday (Feb 9, 2026 to May 11, 2026)",Johnson Memorial Building 303 (JHN 303)
45,ART0331A-S26 ,Hot Processes!,Margaret Jacobs,ART,"1:30pm-4:15pm on Tuesday, Thursday (Feb 9, 2026 to May 11, 2026)",Johnson Memorial Building 107 (JHN 107)
46,ART0349A-S26 ,The Alchemy of Photography,Michelle Leftheris,ART,"1:30pm-4:15pm on Tuesday, Thursday (Feb 9, 2026 to May 11, 2026)",Johnson Memorial Building 307 (JHN 307)
47,ART0371A-S26 ,Sculpture I,Margaret Jacobs,ART,"9:45am-12:30pm on Tuesday, Thursday (Feb 9, 2026 to May 11, 2026)",Johnson Memorial Building 105 (JHN 105)
48,ART0700Z-S26 ,"Advanced Studio Thesis I
Supervised Studio Time",Roger White,,"7:00pm-8:29pm on Sunday (Feb 9, 2026 to May 11, 2026)",Johnson Memorial Building 108 (JHN 108)
49,ART0701Z-S26 ,"Advanced Studio Thesis II
Supervised Studio Time",Roger White,,"7:00pm-8:29pm on Sunday (Feb 9, 2026 to May 11, 2026)",Johnson Memorial Building 108 (JHN 108)
50,ART0702Z-S26 ,"Advanced Studio Thesis III
Supervised Studio Time",Roger White,,"7:00pm-8:29pm on Sunday (Feb 9, 2026 to May 11, 2026)",Johnson Memorial Building 108 (JHN 108)
51,BIOL0140A-S26,Ecology and Evolution,Kirsten Coe,DED SCI,"11:15am-12:05pm on Monday, Wednesday, Friday (Feb 9, 2026 to May 11, 2026)",McCardell Bicentennial Hall 317 (MBH 317)
52,BIOL0140B-S26,Ecology and Evolution,Eric Moody,DED SCI,"9:45am-10:35am on Monday, Wednesday, Friday (Feb 9, 2026 to May 11, 2026)",McCardell Bicentennial Hall 317 (MBH 317)
53,BIOL0145A-S26,Cell Biology and Genetics,Gregory Pask,DED SCI,"11:15am-12:05pm on Monday, Wednesday, Friday (Feb 9, 2026 to May 11, 2026)",McCardell Bicentennial Hall 168 (MBH 168)
54,BIOL0145B-S26,Cell Biology and Genetics,Mark Spritzer,DED SCI,"8:40am-9:30am on Monday, Wednesday, Friday (Feb 9, 2026 to May 11, 2026)",McCardell Bicentennial Hall 317 (MBH 317)
55,BIOL0145C-S26,Cell Biology and Genetics,Andrew Swafford,DED SCI,"9:45am-10:35am on Monday, Wednesday, Friday (Feb 9, 2026 to May 11, 2026)",McCardell Bicentennial Hall 403 (MBH 403)
56,BIOL0205A-S26,Ornithology,"Mark Spritzer, Monica Przyperhart",SCI,"11:15am-12:05pm on Monday, Wednesday, Friday (Feb 9, 2026 to May 11, 2026)",McCardell Bicentennial Hall 338 (MBH 338)
57,BIOL0211A-S26,Biostatistics,Eric Moody,DED,"11:15am-12:05pm on Monday, Wednesday, Friday (Feb 9, 2026 to May 11, 2026)",McCardell Bicentennial Hall 303 (MBH 303)
58,BIOL0219A-S26,Microbes and Social (In)equity,Erin Eggleston,SCI,"9:45am-11:00am on Monday, Wednesday (Feb 9, 2026 to May 11, 2026)",McCardell Bicentennial Hall 338 (MBH 338)
59,BIOL0235A-S26,"Mighty-chondria
Please register via NSCI 0235A",Amanda Crocker,SCI,"11:15am-12:30pm on Monday, Wednesday (Feb 9, 2026 to May 11, 2026)",McCardell Bicentennial Hall 411 (MBH 411)
60,BIOL0248A-S26,Human Toxicology,Sam Byrne,SCI,"11:15am-12:30pm on Monday, Wednesday (Feb 9, 2026 to May 11, 2026)",McCardell Bicentennial Hall 403 (MBH 403)
61,BIOL0310A-S26,Microbiology,Emily Putnam,CW SCI,"9:45am-11:00am on Tuesday, Thursday (Feb 9, 2026 to May 11, 2026)",McCardell Bicentennial Hall 303 (MBH 303)
62,BIOL0314A-S26,Molecular Genetics,Andrew Swafford,SCI,"8:40am-9:30am on Monday, Wednesday, Friday (Feb 9, 2026 to May 11, 2026)",McCardell Bicentennial Hall 311 (MBH 311)
63,BIOL0314B-S26,Molecular Genetics,Erik Solhaug,SCI,"11:15am-12:30pm on Tuesday, Thursday (Feb 9, 2026 to May 11, 2026)",McCardell Bicentennial Hall 168 (MBH 168)
64,BIOL0323A-S26,Plant Community Ecology,David Allen,SCI,"8:15am-9:30am on Monday, Wednesday (Feb 9, 2026 to May 11, 2026)",McCardell Bicentennial Hall 169 (MBH 169)
65,BIOL0323B-S26,Plant Community Ecology,David Allen,CW SCI,"8:15am-9:30am on Monday, Wednesday (Feb 9, 2026 to May 11, 2026)",McCardell Bicentennial Hall 169 (MBH 169)
66,BIOL0370A-S26,Animal Physiology,Gregory Pask,SCI,"11:15am-12:30pm on Tuesday, Thursday (Feb 9, 2026 to May 11, 2026)",McCardell Bicentennial Hall 311 (MBH 311)
67,BIOL0376A-S26,Sweet Biology,Erik Solhaug,SCI,"9:45am-10:35am on Monday, Wednesday, Friday (Feb 9, 2026 to May 11, 2026)",McCardell Bicentennial Hall 148 (MBH 148)
68,BIOL0392A-S26,Conservation Biology,Alexis Mychajliw,CW SCI,"9:45am-11:00am on Tuesday, Thursday (Feb 9, 2026 to May 11, 2026)",McCardell Bicentennial Hall 438 (MBH 438)
69,BIOL0445A-S26,Living Deserts,Kirsten Coe,,"1:30pm-4:15pm on Tuesday (Feb 9, 2026 to May 11, 2026)",McCardell Bicentennial Hall 148 (MBH 148)
70,BIOL0449A-S26,Extremophiles Seminar,Erin Eggleston,SCI,"1:30pm-4:15pm on Monday (Feb 9, 2026 to May 11, 2026)",McCardell Bicentennial Hall 148 (MBH 148)
71,BIOL0450A-S26,Topics in Reproduction,Catherine Combelles,SCI,"1:30pm-4:15pm on Thursday (Feb 9, 2026 to May 11, 2026)",McCardell Bicentennial Hall 148 (MBH 148)
72,BLST0101A-S26,Introduction to Black Studies,Eric Cheuk,"AMR HIS, SOC","12:45pm-2:00pm on Tuesday, Thursday (Feb 9, 2026 to May 11, 2026)",Munroe Hall 311 (MNR 311)
73,BLST0115A-S26,"Education in the USA
Please register via EDST 0115A",Jonathan Miller-Lane,AMR SOC,"9:45am-11:00am on Monday, Wednesday (Feb 9, 2026 to May 11, 2026)",Twilight Hall AUD (AXT AUD)
74,BLST0115B-S26,"Education in the USA
Please register via EDST 0115B",Melissa Hammerle,AMR SOC,"2:15pm-3:30pm on Tuesday, Thursday (Feb 9, 2026 to May 11, 2026)",Axinn Center 219 (AXN 219)
75,BLST0201A-S26,Black Thought,Jerry Philogene,"AMR CMP, PHL, SOC","11:15am-12:30pm on Monday, Wednesday (Feb 9, 2026 to May 11, 2026)",Munroe Hall 311 (MNR 311)
76,BLST0220A-S26,"The N Word: Nature, Revisited
Please register via ENVS 0220A",Carolyn Finney,AMR NOR,"1:30pm-4:15pm on Monday (Feb 9, 2026 to May 11, 2026)",Warner Hall 101 (WNS 101)
77,BLST0224A-S26,"African Cinema
Please register via FMMC 0224A",Natasha Ngaiza,"ART CMP, HIS, SAF","11:15am-12:30pm on Tuesday, Thursday at AXN 229 (Feb 9, 2026 to May 11, 2026)
7:30pm-10:25pm on Wednesday at SDL DNA (Feb 9, 2026 to May 11, 2026)",Axinn Center 229 (AXN 229)
78,BLST0243A-S26,"Pan-African Philosophy
Please register via PSCI 0243A",Kemi Fuentes-George,CMP PHL,"11:15am-12:30pm on Monday, Wednesday (Feb 9, 2026 to May 11, 2026)",Axinn Center 104 (AXN 104)
79,BLST0248A-S26,"African American Drama
Please register via THEA 0248A",Olga Sanchez Saltveit,"AMR ART, LIT","12:45pm-2:00pm on Monday, Wednesday (Feb 9, 2026 to May 11, 2026)",Mahaney Center for the Arts 232 (MAC 232)
80,BLST0325A-S26,"African Stories and Histories
Please register via FREN 0325A",Nnenna Onyima,"LIT LNG, SAF","2:15pm-3:30pm on Monday, Wednesday (Feb 9, 2026 to May 11, 2026)",Le Chateau 107 (CHT 107)
81,BLST0349A-S26,"Hispanic Athletes
Please register via SPAN 0349A",Enrique Garcia,"AMR CMP, LNG","8:40am-9:30am on Monday, Wednesday, Friday (Feb 9, 2026 to May 11, 2026)",Sunderland Lanuage Ctr 130 (SDL 130)
82,BLST0367A-S26,"Duality in African Art
Please register via HARC 0367A",Marguerite Lenius,"ART CMP, HIS, SAF","2:15pm-3:30pm on Tuesday, Thursday (Feb 9, 2026 to May 11, 2026)",Mahaney Center for the Arts 209 (MAC 209)
83,BLST0415A-S26,Black Feminist Thoughts,Jerry Philogene,"AMR CMP, HIS, SOC","2:15pm-3:30pm on Monday, Wednesday (Feb 9, 2026 to May 11, 2026)",Munroe Hall 311 (MNR 311)
84,CHEM0102A-S26,Foundations in Chemistry,Rick Bunt,,"9:45am-11:00am on Tuesday, Thursday (Mar 23, 2026 to May 11, 2026)",McCardell Bicentennial Hall 216 (MBH 216)
85,CHEM0105A-S26,General Chemistry,Emma Guiberson,DED SCI,"9:45am-11:00am on Monday, Wednesday (Feb 9, 2026 to May 11, 2026)",McCardell Bicentennial Hall 104 (MBH 104)
86,CHEM0105B-S26,General Chemistry,Kira Rahn,DED SCI,"9:45am-11:00am on Tuesday, Thursday (Feb 9, 2026 to May 11, 2026)",McCardell Bicentennial Hall 169 (MBH 169)
87,CHEM0205A-S26,Organic I: Struct & Reactivity,Thomas Anderson,SCI,"9:45am-11:00am on Monday, Wednesday (Feb 9, 2026 to May 11, 2026)",McCardell Bicentennial Hall 219 (MBH 219)
88,CHEM0205B-S26,Organic I: Struct & Reactivity,Thomas Anderson,SCI,"11:15am-12:30pm on Monday, Wednesday (Feb 9, 2026 to May 11, 2026)",McCardell Bicentennial Hall 219 (MBH 219)
89,CHEM0211A-S26,Foundations of Analytical Chem,Kira Rahn,DED SCI,"8:15am-9:30am on Monday, Wednesday (Feb 9, 2026 to May 11, 2026)",McCardell Bicentennial Hall 168 (MBH 168)
90,CHEM0231A-S26,Foundations of Inorg. Chem,Alex Bredar,SCI,"9:45am-11:00am on Tuesday, Thursday (Feb 9, 2026 to May 11, 2026)",McCardell Bicentennial Hall 411 (MBH 411)
91,CHEM0305A-S26,Organic II: Synthesis & Spect.,Lindsay Repka,,"9:45am-11:00am on Tuesday, Thursday (Feb 9, 2026 to May 11, 2026)",McCardell Bicentennial Hall 220 (MBH 220)
92,CHEM0305B-S26,Organic II: Synthesis & Spect.,Lindsay Repka,,"11:15am-12:30pm on Tuesday, Thursday (Feb 9, 2026 to May 11, 2026)",McCardell Bicentennial Hall 220 (MBH 220)
93,CHEM0322A-S26,Biochemistry of Macromolecules,Linamarie Miller,,"9:45am-11:00am on Monday, Wednesday (Feb 9, 2026 to May 11, 2026)",McCardell Bicentennial Hall 438 (MBH 438)
94,CHEM0355A-S26,Thermodynamics and Kinetics,AJ Vasiliou,,"11:15am-12:30pm on Monday, Wednesday (Feb 9, 2026 to May 11, 2026)",McCardell Bicentennial Hall 411 (MBH 411)
95,CHEM0370A-S26,Environ. Chem & Health,Molly Costanza-Robinson,SCI,"9:45am-11:00am on Monday, Wednesday (Feb 9, 2026 to May 11, 2026)",McCardell Bicentennial Hall 311 (MBH 311)
96,CHEM0422A-S26,Biochemistry Laboratory,"Emma Guiberson, Linamarie Miller",CW,"1:00pm-4:15pm on Tuesday, Thursday (Feb 9, 2026 to May 11, 2026)",McCardell Bicentennial Hall 459 (MBH 459)
97,CHEM0431A-S26,Advanced Inorganic Chemistry,Alex Bredar,,"11:15am-12:30pm on Tuesday, Thursday (Feb 9, 2026 to May 11, 2026)",McCardell Bicentennial Hall 438 (MBH 438)
98,CHEM0442A-S26,Advanced Organic Chemistry,Thomas Anderson,,"2:15pm-3:30pm on Tuesday, Thursday (Feb 9, 2026 to May 11, 2026)",McCardell Bicentennial Hall 538 (MBH 538)
99,CHNS0103A-S26,Beginning Chinese,"Hang Du, Mairead Harris",LNG,"8:15am-9:30am on Tuesday, Thursday at MNR 208 (Feb 9, 2026 to May 11, 2026)
8:40am-9:30am on Monday, Wednesday, Friday at MNR 208 (Feb 9, 2026 to May 11, 2026)",Munroe Hall 208 (MNR 208)
100,CHNS0103B-S26,Beginning Chinese,"Hang Du, Mairead Harris",LNG,"9:45am-11:00am on Tuesday, Thursday at MNR 217 (Feb 9, 2026 to May 11, 2026)
9:45am-10:35am on Monday, Wednesday, Friday at MNR 217 (Feb 9, 2026 to May 11, 2026)",Munroe Hall 217 (MNR 217)
101,CHNS0202A-S26,Intermediate Chinese II,"Mairead Harris, Abner Zhang",LNG,"8:40am-9:30am on Tuesday, Thursday at AXN 220 (Feb 9, 2026 to May 11, 2026)
8:40am-9:30am on Monday, Wednesday, Friday at AXN 220 (Feb 9, 2026 to May 11, 2026)",Axinn Center 220 (AXN 220)
102,CHNS0202B-S26,Intermediate Chinese II,"Mairead Harris, Abner Zhang",LNG,"9:45am-10:35am on Tuesday, Thursday at AXN 220 (Feb 9, 2026 to May 11, 2026)
9:45am-10:35am on Monday, Wednesday, Friday at AXN 220 (Feb 9, 2026 to May 11, 2026)",Axinn Center 220 (AXN 220)
103,CHNS0220A-S26,Modern Chinese Literature,Chialan Sharon Wang,"CW LIT, NOA","2:15pm-3:30pm on Monday, Wednesday (Feb 9, 2026 to May 11, 2026)",Munroe Hall 217 (MNR 217)
104,CHNS0270A-S26,Chinese Sociolinguistics,Hang Du,NOA SOC,"12:45pm-2:00pm on Tuesday, Thursday (Feb 9, 2026 to May 11, 2026)",Munroe Hall 208 (MNR 208)
105,CHNS0280A-S26,Heroism Chinese Lit (English),Kun You,LIT NOA,"2:15pm-3:30pm on Tuesday, Thursday (Feb 9, 2026 to May 11, 2026)",Munroe Hall 208 (MNR 208)
106,CHNS0302A-S26,Advanced Chinese,Kun You,LNG,"8:40am-9:30am on Tuesday, Thursday at MNR 409 (Feb 9, 2026 to May 11, 2026)
8:40am-9:30am on Monday, Wednesday, Friday at MNR 409 (Feb 9, 2026 to May 11, 2026)",Munroe Hall 409 (MNR 409)
107,CHNS0426A-S26,Chns Politics/Business Adv Rdg,Abner Zhang,LNG NOA,"1:10pm-2:00pm on Monday, Wednesday, Friday (Feb 9, 2026 to May 11, 2026)",Munroe Hall 406 (MNR 406)
108,CHNS0475A-S26,Seminar Chinese Fiction,Chialan Sharon Wang,"LIT LNG, NOA","9:45am-10:35am on Monday, Wednesday, Friday (Feb 9, 2026 to May 11, 2026)",Munroe Hall 217 (MNR 217)
109,CLAS0140A-S26,Augustus and World of Rome,Randall Ganiban,"EUR HIS, LIT","12:45pm-2:00pm on Tuesday, Thursday (Feb 9, 2026 to May 11, 2026)",Twilight Hall 201 (AXT 201)
110,CLAS0140B-S26,Augustus and World of Rome,Randall Ganiban,"CW EUR, HIS, LIT","12:45pm-2:00pm on Tuesday, Thursday (Feb 9, 2026 to May 11, 2026)",Twilight Hall 201 (AXT 201)
111,CLAS0152A-S26,Greek Tragedy,Marc Witkin,"EUR LIT, PHL","2:15pm-3:30pm on Monday, Wednesday (Feb 9, 2026 to May 11, 2026)",Twilight Hall 201 (AXT 201)
112,CLAS0420A-S26,"Seminar Classical Literature
Sem Classical Lit: Herodotus",Marc Witkin,EUR LIT,"2:15pm-3:30pm on Tuesday, Thursday (Feb 9, 2026 to May 11, 2026)",Twilight Hall 204 (AXT 204)
113,CMLT0101A-S26,Intro to World Literature,Roger Russi,"CMP CW, LIT","2:15pm-3:30pm on Tuesday, Thursday (Feb 9, 2026 to May 11, 2026)",Atwater Dining 102 (ATD 102)
114,CMLT0205A-S26,"Intro:Contemporary Lit. Theory
Please register via ENGL 0205A",Antonia Losano,EUR LIT,"9:45am-11:00am on Monday, Wednesday (Feb 9, 2026 to May 11, 2026)",Twilight Hall 201 (AXT 201)
115,CMLT0352A-S26,"Dostoevsky in Global Context
Please register via RUSS 0352A",Timothy Portice,"CMP LIT, NOA","2:15pm-3:30pm on Monday, Wednesday (Feb 9, 2026 to May 11, 2026)",Freeman FR2 (FIC FR2)
116,CRWR0170A-S26,"Writing: Poetry, Fiction, NonF",Megan Mayhew-Bergman,ART,"9:45am-11:00am on Tuesday, Thursday (Feb 9, 2026 to May 11, 2026)",Old Chapel 206 (OCH 206)
117,CRWR0170B-S26,"Writing: Poetry, Fiction, NonF",Robert Cohen,ART,"7:30pm-10:25pm on Tuesday (Feb 9, 2026 to May 11, 2026)",Axinn Center 104 (AXN 104)
118,CRWR0173A-S26,Environmental Lit Workshop,Spring Ulmer,ART LIT,"9:45am-11:00am on Tuesday, Thursday (Feb 9, 2026 to May 11, 2026)",Pearsons KAD (PRS KAD)
119,CRWR0175A-S26,The Art and Practice of Poetry,Karin Gottshall,ART,"2:15pm-3:30pm on Tuesday, Thursday (Feb 9, 2026 to May 11, 2026)",Twilight Hall 301 (AXT 301)
120,CRWR0218A-S26,"Playwriting I: Beginning
Please register via THEA 0218A",TBD,ART CW,"9:45am-11:00am on Tuesday, Thursday (Feb 9, 2026 to May 11, 2026)",Adirondack House CLT (ADK CLT)
121,CRWR0308A-S26,Nonfiction across Genres,Spring Ulmer,LIT,"11:15am-12:30pm on Tuesday, Thursday (Feb 9, 2026 to May 11, 2026)",Pearsons KAD (PRS KAD)
122,CRWR0341A-S26,"Advanced Screenwriting
Please register via FMMC 0341A",David Miranda Hardy,ART,"9:45am-11:00am on Tuesday, Thursday at AXN 105 (Feb 9, 2026 to May 11, 2026)
7:30pm-10:25pm on Tuesday at AXN 105 (Feb 9, 2026 to May 11, 2026)",Axinn Center 105 (AXN 105)
123,CRWR0365A-S26,The Migrant's Journey,Sue Halpern,ART,"9:45am-11:00am on Tuesday, Thursday (Feb 9, 2026 to May 11, 2026)",
124,CRWR0370A-S26,Advanced Fiction Workshop,Megan Mayhew-Bergman,ART,"11:15am-12:30pm on Tuesday, Thursday (Feb 9, 2026 to May 11, 2026)",Old Chapel 206 (OCH 206)
125,CRWR0375A-S26,Workshop: Poetry,Karin Gottshall,ART,"2:15pm-3:30pm on Monday, Wednesday (Feb 9, 2026 to May 11, 2026)",Twilight Hall 301 (AXT 301)
126,CRWR0454A-S26,"Avant-Garde Poetry Experiments
Please register via ENGL 0454A",Timothy Billings,ART LIT,"1:30pm-4:15pm on Thursday (Feb 9, 2026 to May 11, 2026)",Pearsons KAD (PRS KAD)
127,CSCI0145A-S26,Introduction to Computing,Andrea Vaccari,DED,"9:45am-11:00am on Monday, Wednesday (Feb 9, 2026 to May 11, 2026)",75 Shannon Street 224 (75SHS 224)
128,CSCI0145B-S26,Introduction to Computing,Andrea Vaccari,DED,"11:15am-12:30pm on Monday, Wednesday (Feb 9, 2026 to May 11, 2026)",75 Shannon Street 224 (75SHS 224)
129,CSCI0146A-S26,Intensive Intro to Computing,Michael Linderman,DED,"12:45pm-2:00pm on Monday, Wednesday (Feb 9, 2026 to May 11, 2026)",75 Shannon Street 102 (75SHS 102)
130,CSCI0200A-S26,Math Foundations of Computing,Philip Caplan,DED,"9:45am-10:35am on Monday, Wednesday, Friday (Feb 9, 2026 to May 11, 2026)",75 Shannon Street 102 (75SHS 102)
131,CSCI0201A-S26,Data Structures,Ananya Das,DED,"9:45am-11:00am on Tuesday, Thursday (Feb 9, 2026 to May 11, 2026)",75 Shannon Street 102 (75SHS 102)
132,CSCI0201B-S26,Data Structures,Ananya Das,DED,"11:15am-12:30pm on Tuesday, Thursday (Feb 9, 2026 to May 11, 2026)",75 Shannon Street 102 (75SHS 102)
133,CSCI0202A-S26,Computer Architecture,Christopher Andrews,DED,"9:45am-10:35am on Monday, Wednesday, Friday (Feb 9, 2026 to May 11, 2026)",75 Shannon Street 102 (75SHS 102)
134,CSCI0301A-S26,Theory of Computation,Frank Swenton,DED,"9:45am-11:00am on Monday, Wednesday (Feb 9, 2026 to May 11, 2026)",Sunderland Lanuage Ctr 110 (SDL 110)
135,CSCI0302A-S26,Algorithms and Complexity,Shelby Kimmel,DED,"9:45am-11:00am on Tuesday, Thursday (Feb 9, 2026 to May 11, 2026)",75 Shannon Street 202 (75SHS 202)
136,CSCI0302B-S26,Algorithms and Complexity,Shelby Kimmel,DED,"11:15am-12:30pm on Tuesday, Thursday (Feb 9, 2026 to May 11, 2026)",75 Shannon Street 202 (75SHS 202)
137,CSCI0312A-S26,Software Development,Christopher Andrews,,"2:15pm-3:30pm on Tuesday, Thursday (Feb 9, 2026 to May 11, 2026)",75 Shannon Street 203 (75SHS 203)
138,CSCI0321A-S26,Bioinformatics Algorithms,Michael Linderman,DED,"11:15am-12:05pm on Monday, Wednesday, Friday (Feb 9, 2026 to May 11, 2026)",75 Shannon Street 203 (75SHS 203)
139,CSCI0425A-S26,Computational Geometry,Matthew Dickerson,DED,"9:45am-11:00am on Tuesday, Thursday (Feb 9, 2026 to May 11, 2026)",75 Shannon Street 203 (75SHS 203)
140,CSCI0451A-S26,Machine Learning,Phil Chodrow,DED,"12:45pm-2:00pm on Monday, Wednesday (Feb 9, 2026 to May 11, 2026)",75 Shannon Street 203 (75SHS 203)
141,CSCI0451B-S26,Machine Learning,Phil Chodrow,DED,"2:15pm-3:30pm on Monday, Wednesday (Feb 9, 2026 to May 11, 2026)",75 Shannon Street 203 (75SHS 203)
142,CSCI0701A-S26,Senior Seminar,Philip Caplan,,"11:15am-12:05pm on Monday, Wednesday, Friday (Feb 9, 2026 to May 11, 2026)",75 Shannon Street 206 (75SHS 206)
143,CSCI0702A-S26,Senior Thesis,TBD,,"7:00pm-8:29pm on Sunday (Feb 9, 2026 to May 11, 2026)",
144,DANC0160A-S26,Introduction to Dance,Meshi Chavez,ART PE,"2:15pm-3:05pm on Monday, Wednesday (Feb 9, 2026 to May 11, 2026)",Mahaney Center for the Arts 110 (MAC 110)
145,DANC0240A-S26,Writing the Body,Karima Borni,ART PE,"2:15pm-3:30pm on Monday, Wednesday (Feb 9, 2026 to May 11, 2026)",Mahaney Center for the Arts 109 (MAC 109)
146,DANC0260A-S26,Technique & Composition,Laurel Jenkins,ART PE,"9:45am-11:00am on Monday, Wednesday (Feb 9, 2026 to May 11, 2026)",Mahaney Center for the Arts 110 (MAC 110)
147,DANC0261A-S26,Improvisational Practices,Christal Brown,ART PE,"11:15am-12:05pm on Wednesday (Feb 9, 2026 to May 11, 2026)",Mahaney Center for the Arts 126 (MAC 126)
148,DANC0284A-S26,Modern Dance History in U.S.,Karima Borni,"AMR ART, CW, HIS","2:15pm-3:30pm on Tuesday, Thursday (Feb 9, 2026 to May 11, 2026)",Mahaney Center for the Arts 125 (MAC 125)
149,DANC0360A-S26,Choreography & Performance,Daniel Miramontes,ART PE,"6:30pm-8:30pm on Wednesday (Feb 9, 2026 to May 11, 2026)",Mahaney Center for the Arts 110 (MAC 110)
150,DANC0370A-S26,Production Workshop,Bert Crosby,ART PE,"1:10pm-2:00pm on Wednesday (Feb 9, 2026 to May 11, 2026)",Mahaney Center for the Arts 126 (MAC 126)
151,DANC0461A-S26,Advanced Dance Improvisation,Lida Winfield,ART PE,"8:40am-9:30am on Tuesday (Feb 9, 2026 to May 11, 2026)",Mahaney Center for the Arts 110 (MAC 110)
152,DANC0470A-S26,"Technique Workshop
Technique Workshop Lab","Laurel Jenkins, Christal Brown, Meshi Chavez, Daniel Miramontes, Lida Winfield",ART PE,"8:40am-9:30am on Monday, Wednesday (Feb 9, 2026 to May 11, 2026)",Mahaney Center for the Arts 110 (MAC 110)
153,ECON0111A-S26,Economic Statistics,Erick Gong,DED,"11:15am-12:30pm on Tuesday, Thursday (Feb 9, 2026 to May 11, 2026)",Warner Hall 100 (WNS 100)
154,ECON0111B-S26,Economic Statistics,Erick Gong,DED,"12:45pm-2:00pm on Tuesday, Thursday (Feb 9, 2026 to May 11, 2026)",Warner Hall 100 (WNS 100)
155,ECON0150A-S26,Intro Macroeconomics,Cihan Artunc,SOC,"8:15am-9:30am on Monday, Wednesday (Feb 9, 2026 to May 11, 2026)",Warner Hall 101 (WNS 101)
156,ECON0150B-S26,Intro Macroeconomics,Raphaelle Gauvin-Coulombe,SOC,"9:45am-11:00am on Tuesday, Thursday (Feb 9, 2026 to May 11, 2026)",Warner Hall 105 (WNS 105)
157,ECON0150C-S26,Intro Macroeconomics,Kevin Kuruc,SOC,"12:45pm-2:00pm on Tuesday, Thursday (Feb 9, 2026 to May 11, 2026)",Warner Hall 104 (WNS 104)
158,ECON0150D-S26,Intro Macroeconomics,Carolyn Craven,SOC,"12:45pm-2:00pm on Monday, Wednesday (Feb 9, 2026 to May 11, 2026)",Twilight Hall 201 (AXT 201)
159,ECON0150E-S26,Intro Macroeconomics,Carolyn Craven,SOC,"2:15pm-3:30pm on Monday, Wednesday (Feb 9, 2026 to May 11, 2026)",Twilight Hall 201 (AXT 201)
160,ECON0155A-S26,Intro Microeconomics,Steven Pecsok,SOC,"9:45am-10:35am on Monday, Wednesday, Friday (Feb 9, 2026 to May 11, 2026)",Axinn Center 103 (AXN 103)
161,ECON0155B-S26,Intro Microeconomics,Steven Pecsok,SOC,"11:15am-12:05pm on Monday, Wednesday, Friday (Feb 9, 2026 to May 11, 2026)",Axinn Center 103 (AXN 103)
162,ECON0155C-S26,Intro Microeconomics,Will Pyle,SOC,"9:45am-11:00am on Monday, Wednesday (Feb 9, 2026 to May 11, 2026)",Ross Commons Dining 011 (RCD 011)
163,ECON0155D-S26,Intro Microeconomics,Paul Sommers,SOC,"9:45am-10:35am on Monday, Wednesday, Friday (Feb 9, 2026 to May 11, 2026)",Axinn Center 109 (AXN 109)
164,ECON0211A-S26,Regression Analysis,Tanya Byker,DED,"8:15am-9:30am on Tuesday, Thursday (Feb 9, 2026 to May 11, 2026)",Hillcrest 103 (HLD 103)
165,ECON0211B-S26,Regression Analysis,Tanya Byker,DED,"9:45am-11:00am on Tuesday, Thursday (Feb 9, 2026 to May 11, 2026)",Hillcrest 103 (HLD 103)
166,ECON0231A-S26,"Pol Econ of Contemporary India
Please register via IGST 0231A",Sunder Ramaswamy,"HIS SOA, SOC","2:15pm-3:30pm on Tuesday, Thursday (Feb 9, 2026 to May 11, 2026)",Axinn Center 220 (AXN 220)
167,ECON0232A-S26,The Chinese Economy,Will Pyle,NOA SOC,"2:15pm-3:30pm on Monday, Wednesday (Feb 9, 2026 to May 11, 2026)",Axinn Center 219 (AXN 219)
168,ECON0234A-S26,Economics of Africa,Obie Porteous,SAF SOC,"2:15pm-3:30pm on Tuesday, Thursday (Feb 9, 2026 to May 11, 2026)",Axinn Center 103 (AXN 103)
169,ECON0234B-S26,Economics of Africa,Obie Porteous,"CW SAF, SOC","9:45am-11:00am on Tuesday, Thursday (Feb 9, 2026 to May 11, 2026)",Axinn Center 104 (AXN 104)
170,ECON0235A-S26,Industrial Organization,Alice Gindin,SOC,"2:15pm-3:30pm on Tuesday, Thursday (Feb 9, 2026 to May 11, 2026)",Warner Hall 101 (WNS 101)
171,ECON0250A-S26,Macro Theory,Zara Contractor,,"9:45am-11:00am on Monday, Wednesday (Feb 9, 2026 to May 11, 2026)",Warner Hall 101 (WNS 101)
172,ECON0250B-S26,Macro Theory,Zara Contractor,,"11:15am-12:30pm on Monday, Wednesday (Feb 9, 2026 to May 11, 2026)",Warner Hall 101 (WNS 101)
173,ECON0255A-S26,Micro Theory,Jeffrey Carpenter,,"8:15am-9:30am on Monday, Wednesday (Feb 9, 2026 to May 11, 2026)",Warner Hall 100 (WNS 100)
174,ECON0255B-S26,Micro Theory,Jeffrey Carpenter,,"9:45am-11:00am on Monday, Wednesday (Feb 9, 2026 to May 11, 2026)",Warner Hall 100 (WNS 100)
175,ECON0265A-S26,Environmental Economics,Jon Isham,,"2:15pm-3:30pm on Monday, Wednesday (Feb 9, 2026 to May 11, 2026)",Hillcrest 103 (HLD 103)
176,ECON0366A-S26,"Law and Econ in Healthcare
Please register via GHLT 0366A",Jessica Holmes,AMR SOC,"1:30pm-4:15pm on Tuesday (Feb 9, 2026 to May 11, 2026)",Robert A. Jones '59 House CON (RAJ CON)
177,ECON0366B-S26,"Law and Econ in Healthcare
Please register via GHLT 0366B",Jessica Holmes,AMR SOC,"7:30pm-10:25pm on Tuesday (Feb 9, 2026 to May 11, 2026)",Robert A. Jones '59 House CON (RAJ CON)
178,ECON0401A-S26,Inequality and Justice,Peter Matthews,,"9:45am-11:00am on Monday, Wednesday (Feb 9, 2026 to May 11, 2026)",Old Chapel 206 (OCH 206)
179,ECON0411A-S26,Applied Econometrics,Phani Wunnava,,"12:45pm-2:00pm on Tuesday, Thursday (Feb 9, 2026 to May 11, 2026)",Warner Hall 010 (WNS 010)
180,ECON0431A-S26,Economics of European Union,Kristina Sargent,EUR,"9:45am-11:00am on Tuesday, Thursday (Feb 9, 2026 to May 11, 2026)",Warner Hall 011 (WNS 011)
181,ECON0250A-S26,Macro Theory,Zara Contractor,,"9:45am-11:00am on Monday, Wednesday (Feb 9, 2026 to May 11, 2026)",Warner Hall 101 (WNS 101)
182,ECON0250B-S26,Macro Theory,Zara Contractor,,"11:15am-12:30pm on Monday, Wednesday (Feb 9, 2026 to May 11, 2026)",Warner Hall 101 (WNS 101)
183,ECON0255A-S26,Micro Theory,Jeffrey Carpenter,,"8:15am-9:30am on Monday, Wednesday (Feb 9, 2026 to May 11, 2026)",Warner Hall 100 (WNS 100)
184,ECON0255B-S26,Micro Theory,Jeffrey Carpenter,,"9:45am-11:00am on Monday, Wednesday (Feb 9, 2026 to May 11, 2026)",Warner Hall 100 (WNS 100)
185,ECON0265A-S26,Environmental Economics,Jon Isham,,"2:15pm-3:30pm on Monday, Wednesday (Feb 9, 2026 to May 11, 2026)",Hillcrest 103 (HLD 103)
186,ECON0366A-S26,"Law and Econ in Healthcare
Please register via GHLT 0366A",Jessica Holmes,AMR SOC,"1:30pm-4:15pm on Tuesday (Feb 9, 2026 to May 11, 2026)",Robert A. Jones '59 House CON (RAJ CON)
187,ECON0366B-S26,"Law and Econ in Healthcare
Please register via GHLT 0366B",Jessica Holmes,AMR SOC,"7:30pm-10:25pm on Tuesday (Feb 9, 2026 to May 11, 2026)",Robert A. Jones '59 House CON (RAJ CON)
188,ECON0401A-S26,Inequality and Justice,Peter Matthews,,"9:45am-11:00am on Monday, Wednesday (Feb 9, 2026 to May 11, 2026)",Old Chapel 206 (OCH 206)
189,ECON0411A-S26,Applied Econometrics,Phani Wunnava,,"12:45pm-2:00pm on Tuesday, Thursday (Feb 9, 2026 to May 11, 2026)",Warner Hall 010 (WNS 010)
190,ECON0431A-S26,Economics of European Union,Kristina Sargent,EUR,"9:45am-11:00am on Tuesday, Thursday (Feb 9, 2026 to May 11, 2026)",Warner Hall 011 (WNS 011)
191,ECSC0311A-S26,Mineralogy,David West,SCI,"8:15am-9:30am on Monday, Wednesday (Feb 9, 2026 to May 11, 2026)",McCardell Bicentennial Hall 417 (MBH 417)
192,EDST0102A-S26,"English Lang in Global Context
Please register via WRPR 0102A",Shawna Shapiro,CMP SOC,"9:45am-11:00am on Tuesday, Thursday (Feb 9, 2026 to May 11, 2026)",McCardell Bicentennial Hall 148 (MBH 148)
193,EDST0115A-S26,Education In the USA,Jonathan Miller-Lane,AMR SOC,"9:45am-11:00am on Monday, Wednesday (Feb 9, 2026 to May 11, 2026)",Twilight Hall AUD (AXT AUD)
194,EDST0115B-S26,Education In the USA,Melissa Hammerle,AMR SOC,"2:15pm-3:30pm on Tuesday, Thursday (Feb 9, 2026 to May 11, 2026)",Axinn Center 219 (AXN 219)
195,EDST0238A-S26,Ed Psyc: In the Community,Jonathan Miller-Lane,,"1:30pm-4:15pm on Wednesday (Feb 9, 2026 to May 11, 2026)",Twilight Hall 201 (AXT 201)
196,EDST0306A-S26,Elementary Science Methods,Tracy Weston,,"9:45am-11:00am on Monday, Wednesday (Feb 9, 2026 to May 11, 2026)",Twilight Hall 110 (AXT 110)
197,EDST0430A-S26,Senior Seminar in Education,Tracy Weston,CW SOC,"12:45pm-2:00pm on Monday, Wednesday (Feb 9, 2026 to May 11, 2026)",Twilight Hall 301 (AXT 301)
198,ENGL0103A-S26,Reading Literature,Antonia Losano,CW LIT,"8:15am-9:30am on Monday, Wednesday (Feb 9, 2026 to May 11, 2026)",Twilight Hall 201 (AXT 201)
199,ENGL0103B-S26,Reading Literature,Marion Wells,CW LIT,"9:45am-11:00am on Tuesday, Thursday (Feb 9, 2026 to May 11, 2026)",Old Chapel 206 (OCH 206)
200,ENGL0117A-S26,The Short Story,Robert Cohen,"AMR LIT, NOR","12:45pm-2:00pm on Tuesday, Thursday (Feb 9, 2026 to May 11, 2026)",Axinn Center 103 (AXN 103)
201,ENGL0135A-S26,Poetry and Performance,James Berg,LIT,"9:45am-11:00am on Monday, Wednesday (Feb 9, 2026 to May 11, 2026)",Old Chapel 206 (OCH 206)
202,ENGL0205A-S26,Intro:Contemporary Lit. Theory,Antonia Losano,EUR LIT,"9:45am-11:00am on Monday, Wednesday (Feb 9, 2026 to May 11, 2026)",Twilight Hall 201 (AXT 201)
203,ENGL0233A-S26,Global English and New Media,Benjamin Graves,LIT SOC,"2:15pm-3:30pm on Monday, Wednesday (Feb 9, 2026 to May 11, 2026)",Le Chateau 107 (CHT 107)
204,ENGL0263A-S26,American Psycho,Michael Newbury,AMR LIT,"11:15am-12:30pm on Tuesday, Thursday (Feb 9, 2026 to May 11, 2026)",Axinn Center 105 (AXN 105)
205,ENGL0268A-S26,Literature of Displacement,Yumna Siddiqi,"CMP LIT, SOA, SOC","1:30pm-4:15pm on Monday (Feb 9, 2026 to May 11, 2026)",Axinn Center 219 (AXN 219)
206,ENGL0275A-S26,Multi-Ethnic British Lit,Benjamin Graves,"CMP EUR, LIT","11:15am-12:30pm on Monday, Wednesday (Feb 9, 2026 to May 11, 2026)",Atwater Hall A A100 (ATA A100)
207,ENGL0304A-S26,"The Graphic Novel
Please register via AMST 0304A",Michael Newbury,AMR LIT,"2:15pm-3:05pm on Tuesday, Thursday (Feb 9, 2026 to May 11, 2026)",Axinn Center 105 (AXN 105)
208,ENGL0306A-S26,Race & the Contemporary Novel,Jennifer Wang,"AMR CMP, LIT, NOR","11:15am-12:30pm on Tuesday, Thursday (Feb 9, 2026 to May 11, 2026)",Axinn Center 104 (AXN 104)
209,ENGL0314A-S26,Bestsellers and Prize-Winners,Jennifer Wang,"AMR LIT, SOC","12:45pm-2:00pm on Tuesday, Thursday (Feb 9, 2026 to May 11, 2026)",Axinn Center 104 (AXN 104)
210,ENGL0327A-S26,"Imagining Rural America
Please register via AMST 0327A",William Nash,"AMR ART, LIT","12:45pm-2:00pm on Monday, Wednesday (Feb 9, 2026 to May 11, 2026)",Axinn Center 219 (AXN 219)
211,ENGL0328A-S26,England's Ovid Font of Myth,Timothy Billings,EUR LIT,"12:45pm-2:00pm on Monday, Wednesday (Feb 9, 2026 to May 11, 2026)",Axinn Center 220 (AXN 220)
212,ENGL0359A-S26,"The Art of Nabokov
Please register via RUSS 0359A",Matthew Walker,AMR LIT,"2:15pm-3:30pm on Tuesday, Thursday (Feb 9, 2026 to May 11, 2026)",Le Chateau 110 (CHT 110)
213,ENGL0454A-S26,Avant-Garde Poetry Experiments,Timothy Billings,ART LIT,"1:30pm-4:15pm on Thursday (Feb 9, 2026 to May 11, 2026)",Pearsons KAD (PRS KAD)
214,ENGL0466A-S26,Romeo and Juliet,James Berg,"ART EUR, LIT","1:30pm-4:15pm on Wednesday (Feb 9, 2026 to May 11, 2026)",Le Chateau 109 (CHT 109)
215,ENVS0112A-S26,Science Environmental Systems,Molly Costanza-Robinson,SCI,"9:45am-11:00am on Tuesday, Thursday (Feb 9, 2026 to May 11, 2026)",Hillcrest 103 (HLD 103)
216,ENVS0208A-S26,Env Justice / the Anthropocene,Dan Suarez,CMP SOC,"11:15am-12:30pm on Monday, Wednesday (Feb 9, 2026 to May 11, 2026)",Johnson Memorial Building 204 (JHN 204)
217,ENVS0211A-S26,Conservation & Env Policy,Mez Baker-Medard,AMR SOC,"11:15am-12:30pm on Monday, Wednesday (Feb 9, 2026 to May 11, 2026)",Hillcrest 103 (HLD 103)
218,ENVS0215A-S26,Contested Grounds,Daniel Brayton,AMR,"9:45am-11:00am on Monday, Wednesday (Feb 9, 2026 to May 11, 2026)",Hillcrest 103 (HLD 103)
219,ENVS0220A-S26,"The N Word: Nature, Revisited",Carolyn Finney,AMR NOR,"1:30pm-4:15pm on Monday (Feb 9, 2026 to May 11, 2026)",Warner Hall 101 (WNS 101)
220,ENVS0248A-S26,"Human Toxicology
Please register via BIOL 0248A",Sam Byrne,SCI,"11:15am-12:30pm on Monday, Wednesday (Feb 9, 2026 to May 11, 2026)",McCardell Bicentennial Hall 403 (MBH 403)
221,ENVS0261A-S26,"Human Geography with GIS
Please register via GEOG 0261A",Joseph Holler,DED SCI,"9:45am-11:00am on Tuesday, Thursday (Feb 9, 2026 to May 11, 2026)",McCardell Bicentennial Hall 104 (MBH 104)
222,ENVS0265A-S26,Environmental Detectives,Kate Crawford,SCI,"9:45am-11:00am on Tuesday, Thursday (Feb 9, 2026 to May 11, 2026)",McCardell Bicentennial Hall 311 (MBH 311)
223,ENVS0355A-S26,Water: From Fish to PFAS,"Peter Ryan, Christopher Klyza",,"1:30pm-4:15pm on Wednesday (Feb 9, 2026 to May 11, 2026)",Hillcrest 103 (HLD 103)
224,ENVS0401A-S26,Community Engaged Practicum,"Kate Crawford, Diane Munroe",,"11:15am-12:30pm on Tuesday, Thursday at HLD 103 (Feb 9, 2026 to May 11, 2026)
1:30pm-4:15pm on Tuesday at HLD 200 (Feb 9, 2026 to May 11, 2026)",Hillcrest 103 (HLD 103)
225,ENVS0401B-S26,Community Engaged Practicum,"Dan Suarez, Diane Munroe",,"11:15am-12:30pm on Tuesday, Thursday at HLD 200 (Feb 9, 2026 to May 11, 2026)
1:30pm-4:15pm on Thursday at HLD 200 (Feb 9, 2026 to May 11, 2026)",Hillcrest 200 (HLD 200)
226,ENVS0442A-S26,Transnational Feminist Conserv,Mez Baker-Medard,"CMP SAF, SOC","9:45am-11:00am on Tuesday, Thursday (Feb 9, 2026 to May 11, 2026)",
227,FMMC0101A-S26,Aesthetics of the Moving Image,Nikolina Dobreva,ART,"9:45am-11:00am on Tuesday, Thursday at AXN 232 (Feb 9, 2026 to May 11, 2026)
7:30pm-10:25pm on Tuesday at SDL DNA (Feb 9, 2026 to May 11, 2026)",Axinn Center 232 (AXN 232)
228,FMMC0104A-S26,Television & American Culture,Jason Mittell,AMR SOC,"2:15pm-3:30pm on Tuesday, Thursday at AXN 109 (Feb 9, 2026 to May 11, 2026)
7:30pm-10:25pm on Tuesday at AXN 100 (Feb 9, 2026 to May 11, 2026)",Axinn Center 109 (AXN 109)
229,FMMC0200A-S26,Filmmaking,Natasha Ngaiza,ART,"1:30pm-4:15pm on Monday, Wednesday (Feb 9, 2026 to May 11, 2026)",Axinn Center 001 (AXN 001)
230,FMMC0209A-S26,Park Chan-wook & Bong Joon-ho,Nikolina Dobreva,ART NOA,"12:45pm-2:00pm on Tuesday, Thursday at AXN 109 (Feb 9, 2026 to May 11, 2026)
7:30pm-10:25pm on Tuesday at SDL 110 (Feb 9, 2026 to May 11, 2026)",Axinn Center 109 (AXN 109)
231,FMMC0220A-S26,Directing for the Screen,Ioana Uricaru,,"11:15am-12:30pm on Monday, Wednesday (Feb 9, 2026 to May 11, 2026)",Axinn Center 001 (AXN 001)
232,FMMC0224A-S26,African Cinema,Natasha Ngaiza,"ART CMP, HIS, SAF","11:15am-12:30pm on Tuesday, Thursday at AXN 229 (Feb 9, 2026 to May 11, 2026)
7:30pm-10:25pm on Wednesday at SDL DNA (Feb 9, 2026 to May 11, 2026)",Axinn Center 229 (AXN 229)
233,FMMC0252A-S26,Hitchcock & Renoir,Christian Keathley,ART,"9:45am-11:00am on Monday, Wednesday at AXN 232 (Feb 9, 2026 to May 11, 2026)
7:30pm-10:25pm on Monday at AXN 232 (Feb 9, 2026 to May 11, 2026)",Axinn Center 232 (AXN 232)
234,FMMC0334A-S26,Videographic Film Studies,Christian Keathley,,"2:15pm-3:30pm on Monday, Wednesday (Feb 9, 2026 to May 11, 2026)",Axinn Center 105 (AXN 105)
235,FMMC0335A-S26,Advanced Filmmaking,David Miranda Hardy,ART,"1:30pm-4:15pm on Tuesday, Thursday (Feb 9, 2026 to May 11, 2026)",Axinn Center 001 (AXN 001)
236,FMMC0341A-S26,Advanced Screenwriting,David Miranda Hardy,ART,"9:45am-11:00am on Tuesday, Thursday at AXN 105 (Feb 9, 2026 to May 11, 2026)
7:30pm-10:25pm on Tuesday at AXN 105 (Feb 9, 2026 to May 11, 2026)",Axinn Center 105 (AXN 105)
237,FMMC0360A-S26,Film & Media Criticism,Jason Mittell,CW,"11:15am-12:30pm on Tuesday, Thursday at AXN 104 (Feb 9, 2026 to May 11, 2026)
7:30pm-10:25pm on Tuesday at AXN 232 (Feb 9, 2026 to May 11, 2026)",Axinn Center 104 (AXN 104)
238,FOOD0352A-S26,"Food History in Middle East
Please register via HIST 0352A",Febe Armanios,"CMP HIS, MDE, SOC","12:45pm-2:00pm on Monday, Wednesday (Feb 9, 2026 to May 11, 2026)",Le Chateau 107 (CHT 107)
239,FREN0105A-S26,Accelerated Beginning French,Gyula Zsombok,,"11:15am-12:30pm on Tuesday, Thursday at CHT 109 (Feb 9, 2026 to May 11, 2026)
11:15am-12:05pm on Monday, Wednesday, Friday at CHT 109 (Feb 9, 2026 to May 11, 2026)",Le Chateau 109 (CHT 109)
240,FREN0201A-S26,Intermediate French I,Therese Banks,LNG,"8:40am-9:30am on Thursday at CHT 109 (Feb 9, 2026 to May 11, 2026)
8:40am-9:30am on Monday, Wednesday, Friday at CHT 109 (Feb 9, 2026 to May 11, 2026)",Le Chateau 109 (CHT 109)
241,FREN0201B-S26,Intermediate French I,Julien Weber,LNG,"9:45am-10:35am on Thursday at CHT 109 (Feb 9, 2026 to May 11, 2026)
9:45am-10:35am on Monday, Wednesday, Friday at CHT 109 (Feb 9, 2026 to May 11, 2026)",Le Chateau 109 (CHT 109)
242,FREN0205A-S26,Toward Liberated Expression,Peter Tarjanyi,LNG,"9:45am-10:35am on Monday, Wednesday, Friday (Feb 9, 2026 to May 11, 2026)",Le Chateau 110 (CHT 110)
243,FREN0205B-S26,Toward Liberated Expression,Peter Tarjanyi,LNG,"11:15am-12:05pm on Monday, Wednesday, Friday (Feb 9, 2026 to May 11, 2026)",Le Chateau 110 (CHT 110)
244,FREN0209A-S26,Self&Society Writing in French,Nnenna Onyima,EUR LNG,"9:45am-10:35am on Monday, Wednesday, Friday (Feb 9, 2026 to May 11, 2026)",Le Chateau 107 (CHT 107)
245,FREN0209B-S26,Self&Society Writing in French,Therese Banks,EUR LNG,"11:15am-12:05pm on Monday, Wednesday, Friday (Feb 9, 2026 to May 11, 2026)",Le Chateau 003 (CHT 003)
246,FREN0224A-S26,Travelers and Migrants,Julien Weber,"CMP EUR, LIT","11:15am-12:05pm on Monday, Wednesday, Friday (Feb 9, 2026 to May 11, 2026)",Le Chateau 107 (CHT 107)
247,FREN0224B-S26,Travelers and Migrants,Julien Weber,"CMP CW, EUR, LIT","11:15am-12:05pm on Monday, Wednesday, Friday (Feb 9, 2026 to May 11, 2026)",Le Chateau 107 (CHT 107)
248,FREN0233A-S26,History of the French Language,Gyula Zsombok,"CMP HIS, LNG","9:45am-10:35am on Monday, Wednesday, Friday (Feb 9, 2026 to May 11, 2026)",Le Chateau 003 (CHT 003)
249,FREN0233B-S26,History of the French Language,Gyula Zsombok,"CMP CW, HIS, LNG","9:45am-10:35am on Monday, Wednesday, Friday (Feb 9, 2026 to May 11, 2026)",Le Chateau 003 (CHT 003)
250,FREN0325A-S26,African Stories and Histories,Nnenna Onyima,"LIT LNG, SAF","2:15pm-3:30pm on Monday, Wednesday (Feb 9, 2026 to May 11, 2026)",Le Chateau 107 (CHT 107)
251,FREN0390A-S26,French Feminisms on Screen,Peter Tarjanyi,"ART CMP, EUR, LNG","12:45pm-2:00pm on Monday, Wednesday (Feb 9, 2026 to May 11, 2026)",Le Chateau 003 (CHT 003)
252,FYSE1032A-S26,Bayeux Tapestry,Eliza Garrison,CW,"2:15pm-3:30pm on Tuesday, Thursday (Feb 9, 2026 to May 11, 2026)",Mahaney Center for the Arts 126 (MAC 126)
253,FYSE1045A-S26,History and the Graphic Novel,Rebecca Bennette,CW,"12:45pm-2:00pm on Monday, Wednesday (Feb 9, 2026 to May 11, 2026)",Axinn Center 220 (AXN 220)
254,FYSE1095A-S26,Catastrophic Memories,Connor Williams,CW,"1:00pm-2:30pm on Monday, Wednesday (Feb 9, 2026 to May 11, 2026)",Old Chapel 206 (OCH 206)
255,FYSE1109A-S26,Walking in Maps,Niwaeli Kimambo,CW,"8:40am-9:30am on Monday, Wednesday, Friday (Feb 9, 2026 to May 11, 2026)",McCardell Bicentennial Hall 148 (MBH 148)
256,FYSE1111A-S26,Energy: Always and Everywhere,AJ Vasiliou,CW,"12:45pm-2:00pm on Monday, Wednesday (Feb 9, 2026 to May 11, 2026)",McCardell Bicentennial Hall 168 (MBH 168)
257,FYSE1115A-S26,The Horror of Deep Time,Alexis Mychajliw,CW,"1:30pm-4:15pm on Thursday at MBH 305 (Feb 9, 2026 to May 11, 2026)
2:15pm-3:30pm on Tuesday at MBH 305 (Feb 9, 2026 to May 11, 2026)",McCardell Bicentennial Hall 305 (MBH 305)
258,FYSE1404A-S26,Language and Identity,Marcos Rohena-Madrazo,CW,"12:45pm-2:00pm on Tuesday, Thursday (Feb 9, 2026 to May 11, 2026)",Munroe Hall 317 (MNR 317)
259,FYSE1528A-S26,Invention of Nature,Marybeth Nevins,CW,"2:15pm-3:30pm on Monday, Wednesday (Feb 9, 2026 to May 11, 2026)",Sunderland Lanuage Ctr 202 (SDL 202)
260,GEOG0151A-S26,The Global Environment,Jessica L'Roe,DED SCI,"11:15am-12:30pm on Tuesday, Thursday (Feb 9, 2026 to May 11, 2026)",McCardell Bicentennial Hall 219 (MBH 219)
261,GEOG0202A-S26,Border Geographies,Guntram Herb,"CMP HIS, SOC","12:45pm-2:00pm on Tuesday, Thursday (Feb 9, 2026 to May 11, 2026)",McCardell Bicentennial Hall 430 (MBH 430)
262,GEOG0212A-S26,Urban Geography,Peter Nelson,AMR SOC,"9:45am-11:00am on Tuesday, Thursday (Feb 9, 2026 to May 11, 2026)",McCardell Bicentennial Hall 538 (MBH 538)
263,GEOG0261A-S26,Human Geography with GIS,Joseph Holler,DED SOC,"9:45am-11:00am on Tuesday, Thursday (Feb 9, 2026 to May 11, 2026)",McCardell Bicentennial Hall 104 (MBH 104)
264,GEOG0281A-S26,Placebased Data Analysis,Peter Nelson,DED,"8:15am-9:30am on Monday, Wednesday (Feb 9, 2026 to May 11, 2026)",McCardell Bicentennial Hall 438 (MBH 438)
265,GEOG0351A-S26,Remote Sensing & Land Use,Niwaeli Kimambo,"DED SAF, SCI","11:15am-12:30pm on Monday, Wednesday (Feb 9, 2026 to May 11, 2026)",McCardell Bicentennial Hall 148 (MBH 148)
266,GHLT0211A-S26,Public Health of Disasters,Pam Berenbaum,SOC,"2:15pm-3:30pm on Tuesday, Thursday (Feb 9, 2026 to May 11, 2026)",Library 201 (LIB 201)
267,GHLT0232A-S26,Principles of Epidemiology,Sam Byrne,DED,"9:45am-10:35am on Monday, Wednesday, Friday (Feb 9, 2026 to May 11, 2026)",McCardell Bicentennial Hall 169 (MBH 169)
268,GHLT0257A-S26,Global Health,David Torres,CMP SOC,"9:45am-11:00am on Tuesday, Thursday (Feb 9, 2026 to May 11, 2026)",LaForce 121 (LAF 121)
269,GHLT0257B-S26,Global Health,David Torres,CMP SOC,"11:15am-12:30pm on Tuesday, Thursday (Feb 9, 2026 to May 11, 2026)",LaForce 121 (LAF 121)
270,GHLT0265A-S26,"Environmental Detectives
Please register via ENVS 0265A",Kate Crawford,SCI,"9:45am-11:00am on Tuesday, Thursday (Feb 9, 2026 to May 11, 2026)",McCardell Bicentennial Hall 311 (MBH 311)
271,GHLT0366A-S26,Law and Econ in Healthcare,Jessica Holmes,AMR SOC,"1:30pm-4:15pm on Tuesday (Feb 9, 2026 to May 11, 2026)",Robert A. Jones '59 House CON (RAJ CON)
272,GHLT0366B-S26,Law and Econ in Healthcare,Jessica Holmes,AMR SOC,"7:30pm-10:25pm on Tuesday (Feb 9, 2026 to May 11, 2026)",Robert A. Jones '59 House CON (RAJ CON)
273,GREK0102A-S26,Beginning Greek II,Pavlos Sfyroeras,LNG,"11:15am-12:30pm on Tuesday, Thursday at AXT 301 (Feb 9, 2026 to May 11, 2026)
11:15am-12:05pm on Monday, Wednesday, Friday at AXT 301 (Feb 9, 2026 to May 11, 2026)",Twilight Hall 301 (AXT 301)
274,GREK0302A-S26,Readings in Greek Lit II,Pavlos Sfyroeras,LIT LNG,"2:15pm-3:30pm on Monday, Wednesday (Feb 9, 2026 to May 11, 2026)",Twilight Hall 206 (AXT 206)
275,GRMN0103A-S26,Beginning German Continued,"Florence Feiereisen, Natalie Eppelsheimer",LNG,"9:45am-10:35am on Monday, Wednesday, Friday (Feb 9, 2026 to May 11, 2026)",Freeman CK2 (FIC CK2)
276,GRMN0103B-S26,Beginning German Continued,"Natalie Eppelsheimer, Florence Feiereisen",LNG,"11:15am-12:05pm on Monday, Wednesday, Friday (Feb 9, 2026 to May 11, 2026)",Freeman CK2 (FIC CK2)
277,GRMN0111A-S26,Accelerated Beginning German,Bettina Matthias,LNG,"9:45am-11:00am on Tuesday, Thursday at FIC HAM (Feb 9, 2026 to May 11, 2026)
9:45am-10:35am on Monday, Wednesday, Friday at FIC HAM (Feb 9, 2026 to May 11, 2026)",Freeman HAM (FIC HAM)
278,GRMN0202A-S26,Intermediate German Continued,Roman Graf,EUR LNG,"9:45am-11:00am on Tuesday, Thursday at FIC CK1 (Feb 9, 2026 to May 11, 2026)
9:45am-10:35am on Monday, Friday at FIC CK1 (Feb 9, 2026 to May 11, 2026)",Freeman CK1 (FIC CK1)
279,GRMN0202B-S26,Intermediate German Continued,Bettina Matthias,EUR LNG,"11:15am-12:30pm on Tuesday, Thursday at FIC CK1 (Feb 9, 2026 to May 11, 2026)
11:15am-12:05pm on Monday, Friday at FIC CK1 (Feb 9, 2026 to May 11, 2026)",Freeman CK1 (FIC CK1)
280,GRMN0215A-S26,Holocaust Refugees GlobalSouth,Natalie Eppelsheimer,"CMP HIS, SOC","2:15pm-3:30pm on Monday, Wednesday (Feb 9, 2026 to May 11, 2026)",Freeman CK2 (FIC CK2)
281,GRMN0422A-S26,German Architecture and Power,Florence Feiereisen,"ART EUR, LNG","2:15pm-3:30pm on Tuesday, Thursday (Feb 9, 2026 to May 11, 2026)",Freeman CK2 (FIC CK2)
282,GRMN0465A-S26,Reasonable Doubts,Roman Graf,EUR LIT,"2:15pm-3:30pm on Monday, Wednesday (Feb 9, 2026 to May 11, 2026)",Freeman CK1 (FIC CK1)
283,GRMN0465B-S26,Reasonable Doubts,Roman Graf,"CW EUR, LIT","2:15pm-3:30pm on Monday, Wednesday (Feb 9, 2026 to May 11, 2026)",Freeman CK1 (FIC CK1)
284,GSFS0172A-S26,Writing Gender & Sexuality,Catharine Wright,ART LIT,"11:15am-12:30pm on Tuesday, Thursday (Feb 9, 2026 to May 11, 2026)",Adirondack House CLT (ADK CLT)
285,GSFS0191A-S26,Gender and the Body,Bahia Munem,CMP SOC,"9:45am-11:00am on Tuesday, Thursday (Feb 9, 2026 to May 11, 2026)",Gifford LCT (GFD LCT)
286,GSFS0200A-S26,Feminist Foundations,Cynthia Gao,CMP SOC,"9:45am-11:00am on Monday, Wednesday (Feb 9, 2026 to May 11, 2026)",Ross Commons Dining 011 (RCD 011)
287,GSFS0210A-S26,"History of Sexuality in the US
Please register via HIST 0210A",Lana Povitz,"AMR HIS, SOC","11:15am-12:30pm on Tuesday, Thursday (Feb 9, 2026 to May 11, 2026)",Axinn Center 219 (AXN 219)
288,GSFS0219A-S26,"Microbes and Social (In)equity
Please register via BIOL 0219A",Erin Eggleston,SCI,"9:45am-11:00am on Monday, Wednesday (Feb 9, 2026 to May 11, 2026)",McCardell Bicentennial Hall 338 (MBH 338)
289,GSFS0235A-S26,"Gender Politics in Arab World
Please register via ARBC 0235A",Dima Ayoub,"CMP MDE, SOC","7:30pm-10:25pm on Wednesday (Feb 9, 2026 to May 11, 2026)",Axinn Center 219 (AXN 219)
290,GSFS0268A-S26,"Literature of Displacement
Please register via ENGL 0268A",Yumna Siddiqi,"CMP LIT, SOA, SOC","1:30pm-4:15pm on Monday (Feb 9, 2026 to May 11, 2026)",Axinn Center 219 (AXN 219)
291,GSFS0338A-S26,"Gender and the Making of Space
Please register via HARC 0338A",Erin Sassin,"ART CMP, HIS","12:45pm-2:00pm on Tuesday, Thursday (Feb 9, 2026 to May 11, 2026)",Mahaney Center for the Arts 126 (MAC 126)
292,GSFS0360A-S26,Gender/Sexuality in Asian Amer,Cynthia Gao,AMR SOC,"12:45pm-2:00pm on Monday, Wednesday (Feb 9, 2026 to May 11, 2026)",Axinn Center 220 (AXN 220)
293,GSFS0390A-S26,"French Feminisms on Screen
Please register via FREN 0390A",Peter Tarjanyi,"ART CMP, EUR, LNG","12:45pm-2:00pm on Monday, Wednesday (Feb 9, 2026 to May 11, 2026)",Le Chateau 003 (CHT 003)
294,GSFS0415A-S26,"Black Feminist Thoughts
Please register via BLST 0415A",Jerry Philogene,"AMR CMP, HIS, SOC","2:15pm-3:30pm on Monday, Wednesday (Feb 9, 2026 to May 11, 2026)",Munroe Hall 311 (MNR 311)
295,GSFS0442A-S26,"Transnational Feminist Conserv
Please register via ENVS 0442A",Mez Baker-Medard,"CMP CW, SAF, SOC","9:45am-11:00am on Tuesday, Thursday (Feb 9, 2026 to May 11, 2026)",
296,HARC0100A-S26,Intro to Global Visual Culture,Sarah Rogers,ART CMP,"9:45am-11:00am on Monday, Wednesday (Feb 9, 2026 to May 11, 2026)",Mahaney Center for the Arts 125 (MAC 125)
297,HARC0130A-S26,Intro. to Architectural Design,Benjamin Allred,ART,"1:30pm-4:15pm on Tuesday, Thursday (Feb 9, 2026 to May 11, 2026)",Johnson Memorial Building 205 (JHN 205)
298,HARC0204A-S26,Approaches to Islamic Art,Cynthia Packert,ART MDE,"12:45pm-2:00pm on Tuesday, Thursday (Feb 9, 2026 to May 11, 2026)",Mahaney Center for the Arts 125 (MAC 125)
299,HARC0214A-S26,Northern Renaissance Art,Eliza Garrison,"ART EUR, HIS","2:15pm-3:30pm on Monday, Wednesday (Feb 9, 2026 to May 11, 2026)",Mahaney Center for the Arts 125 (MAC 125)
300,HARC0216A-S26,Intro to Industrial Design,Daniel Houghton,ART,"12:45pm-2:00pm on Monday, Wednesday (Feb 9, 2026 to May 11, 2026)",Johnson Memorial Building 102 (JHN 102)
301,HARC0230A-S26,Modern Architecture,Erin Sassin,ART HIS,"9:45am-11:00am on Tuesday, Thursday (Feb 9, 2026 to May 11, 2026)",Johnson Memorial Building 204 (JHN 204)
302,HARC0231A-S26,Architecture & Environment,Sam Ostrow,ART,"8:15am-9:30am on Tuesday, Thursday (Feb 9, 2026 to May 11, 2026)",Johnson Memorial Building 201 (JHN 201)
303,HARC0254A-S26,Vermeer's World,Carrie Anderson,"ART EUR, HIS","11:15am-12:30pm on Tuesday, Thursday (Feb 9, 2026 to May 11, 2026)",Johnson Memorial Building 204 (JHN 204)
304,HARC0274A-S26,Ancient Arts of Africa,Marguerite Lenius,"ART CMP, HIS, SAF","11:15am-12:30pm on Tuesday, Thursday (Feb 9, 2026 to May 11, 2026)",Mahaney Center for the Arts 125 (MAC 125)
305,HARC0283A-S26,Early Circumpolar Architecture,Robyn Barrow,"ART CMP, EUR, HIS","9:45am-11:00am on Tuesday, Thursday (Feb 9, 2026 to May 11, 2026)",Mahaney Center for the Arts 125 (MAC 125)
306,HARC0330A-S26,Interm. Architectural Design,Trea Sweeny,ART,"1:30pm-4:15pm on Tuesday, Thursday (Feb 9, 2026 to May 11, 2026)",Johnson Memorial Building 207 (JHN 207)
307,HARC0338A-S26,Gender and the Making of Space,Erin Sassin,"ART CMP, HIS","12:45pm-2:00pm on Tuesday, Thursday (Feb 9, 2026 to May 11, 2026)",Mahaney Center for the Arts 126 (MAC 126)
308,HARC0352A-S26,"The Good, the Bad, & the Ugly",Cynthia Packert,ART SOA,"11:15am-12:30pm on Tuesday, Thursday (Feb 9, 2026 to May 11, 2026)",Mahaney Center for the Arts 126 (MAC 126)
309,HARC0367A-S26,Duality in African Art,Marguerite Lenius,"ART CMP, CW, HIS, SAF","2:15pm-3:30pm on Tuesday, Thursday (Feb 9, 2026 to May 11, 2026)",Mahaney Center for the Arts 209 (MAC 209)
310,HARC0377A-S26,Design Lab I,Daniel Houghton,ART,"9:45am-11:00am on Monday, Wednesday (Feb 9, 2026 to May 11, 2026)",Johnson Memorial Building 102 (JHN 102)
311,HARC0378A-S26,Design Lab II,Daniel Houghton,ART,"9:45am-11:00am on Monday, Wednesday (Feb 9, 2026 to May 11, 2026)",Johnson Memorial Building 102 (JHN 102)
312,HARC0379A-S26,Contemporary Arab Art,Sarah Rogers,ART MDE,"9:45am-11:00am on Tuesday, Thursday (Feb 9, 2026 to May 11, 2026)",Mahaney Center for the Arts 126 (MAC 126)
313,HARC0383A-S26,Animal Actors and Medieval Art,Robyn Barrow,"ART EUR, HIS","1:30pm-4:15pm on Wednesday (Feb 9, 2026 to May 11, 2026)",Mahaney Center for the Arts 126 (MAC 126)
314,HARC0732A-S26,Senior Thesis Arch Studies II,Misty Kaplan,WTR,"1:30pm-4:15pm on Tuesday, Thursday (Feb 9, 2026 to May 11, 2026)",Johnson Memorial Building 203 (JHN 203)
315,HEBM0103A-S26,Intro Modern Hebrew III,Michal Strier,LNG,"9:45am-10:35am on Tuesday, Thursday at AXT 206 (Feb 9, 2026 to May 11, 2026)
9:45am-11:00am on Monday, Wednesday at AXT 206 (Feb 9, 2026 to May 11, 2026)",Twilight Hall 206 (AXT 206)
316,HEBM0200A-S26,"The US-Israel Relationship
Please register via JWST 0200A",Ted Sasson,MDE SOC,"12:45pm-2:00pm on Tuesday, Thursday (Feb 9, 2026 to May 11, 2026)",Twilight Hall 201 (AXT 201)
317,HEBM0231A-S26,"Zionism and ""Roads Not Taken",Adi Livny,"CMP EUR, HIS","12:45pm-2:00pm on Monday, Wednesday (Feb 9, 2026 to May 11, 2026)",Axinn Center 220 (AXN 220)
318,HEBM0238A-S26,Intercultural Jerusalem,Adi Livny,"CMP HIS, MDE, PHL","7:30pm-10:25pm on Tuesday (Feb 9, 2026 to May 11, 2026)",Axinn Center 220 (AXN 220)
319,HIST0109A-S26,Islam & Mid. East Since 1453,Febe Armanios,HIS MDE,"8:15am-9:30am on Monday, Wednesday (Feb 9, 2026 to May 11, 2026)",Axinn Center 219 (AXN 219)
320,HIST0210A-S26,History of Sexuality in the US,Lana Povitz,"AMR HIS, SOC","11:15am-12:30pm on Tuesday, Thursday (Feb 9, 2026 to May 11, 2026)",Axinn Center 219 (AXN 219)
321,HIST0212A-S26,Civil War and Reconstruction,Amy Morsman,AMR HIS,"8:15am-9:30am on Tuesday, Thursday (Feb 9, 2026 to May 11, 2026)",Library 201 (LIB 201)
322,HIST0213A-S26,The Scientific Revolution,Jennifer Strtak,EUR HIS,"9:45am-10:35am on Monday, Wednesday, Friday (Feb 9, 2026 to May 11, 2026)",Axinn Center 232 (AXN 232)
323,HIST0257A-S26,The Holocaust,Rebecca Bennette,EUR HIS,"2:15pm-3:30pm on Monday, Wednesday (Feb 9, 2026 to May 11, 2026)",Axinn Center 219 (AXN 219)
324,HIST0305A-S26,Confucius and Confucianism,Don Wyatt,"HIS NOA, PHL","11:15am-12:30pm on Tuesday, Thursday (Feb 9, 2026 to May 11, 2026)",Sunderland Lanuage Ctr DNA (SDL DNA)
325,HIST0305B-S26,Confucius and Confucianism,Don Wyatt,"CW HIS, NOA, PHL","11:15am-12:30pm on Tuesday, Thursday (Feb 9, 2026 to May 11, 2026)",Sunderland Lanuage Ctr DNA (SDL DNA)
326,HIST0326A-S26,Hist of U.S. Radicalism,Lana Povitz,"AMR HIS, NOR, SOC","7:30pm-10:25pm on Wednesday (Feb 9, 2026 to May 11, 2026)",LaForce 121 (LAF 121)
327,HIST0352A-S26,Food History in Middle East,Febe Armanios,"CMP HIS, MDE, SOC","12:45pm-2:00pm on Monday, Wednesday (Feb 9, 2026 to May 11, 2026)",Le Chateau 107 (CHT 107)
328,HIST0397A-S26,America and the Pacific,Joyce Mao,"AMR CMP, HIS","9:45am-11:00am on Tuesday, Thursday (Feb 9, 2026 to May 11, 2026)",Axinn Center 104 (AXN 104)
329,HIST0431A-S26,China's Historical Minorities,Don Wyatt,"HIS NOA, SOC","2:15pm-3:30pm on Tuesday, Thursday (Feb 9, 2026 to May 11, 2026)",Wright Memorial Theater SEM (WTH SEM)
330,HIST0454A-S26,The History of Technology,Jennifer Strtak,HIS,"11:15am-12:30pm on Monday, Wednesday (Feb 9, 2026 to May 11, 2026)",Axinn Center 232 (AXN 232)
331,HIST0467A-S26,Approaching Historical Truth,Maggie Clinton,HIS,"1:30pm-4:15pm on Tuesday (Feb 9, 2026 to May 11, 2026)",Axinn Center 220 (AXN 220)
332,HIST0600A-S26,History Research Seminar,TBD,CW,"1:30pm-4:15pm on Wednesday (Feb 9, 2026 to May 11, 2026)",Axinn Center 104 (AXN 104)
333,IGST0101A-S26,Intro to Intl & Global Studies,"Guntram Herb, Shinkyu (James) Lee",CMP,"9:45am-11:00am on Tuesday, Thursday (Feb 9, 2026 to May 11, 2026)",McCardell Bicentennial Hall 219 (MBH 219)
334,IGST0201A-S26,The European Catastrophe,Amit Prakash,EUR HIS,"9:45am-11:00am on Monday, Wednesday (Feb 9, 2026 to May 11, 2026)",Axinn Center 100 (AXN 100)
335,IGST0215A-S26,"Holocaust Refugees GlobalSouth
Please register via GRMN 0215A",Natalie Eppelsheimer,"CMP HIS, SOC","2:15pm-3:30pm on Monday, Wednesday (Feb 9, 2026 to May 11, 2026)",Freeman CK2 (FIC CK2)
336,IGST0231A-S26,Pol Econ of Contemporary India,Sunder Ramaswamy,"HIS SOA, SOC","2:15pm-3:30pm on Tuesday, Thursday (Feb 9, 2026 to May 11, 2026)",Axinn Center 220 (AXN 220)
337,IGST0238A-S26,"Intercultural Jerusalem
Please register via HEBM 0238A",Adi Livny,"CMP HIS, MDE, PHL","7:30pm-10:25pm on Tuesday (Feb 9, 2026 to May 11, 2026)",Axinn Center 220 (AXN 220)
338,IGST0254A-S26,Africa in the World,Nadia Horning,"CMP SAF, SOC","12:45pm-2:00pm on Monday, Wednesday (Feb 9, 2026 to May 11, 2026)",75 Shannon Street 202 (75SHS 202)
339,IGST0307A-S26,"LegalAspectsofFinancialCrime
Legal Aspects Financial Crime",Jay Shapiro,,"9:45am-11:00am on Tuesday, Thursday (Feb 9, 2026 to May 11, 2026)",Robert A. Jones '59 House CON (RAJ CON)
340,IGST0410A-S26,Borders and Identification,Amit Prakash,"CMP HIS, SOC","1:30pm-4:15pm on Monday (Feb 9, 2026 to May 11, 2026)",Old Chapel 206 (OCH 206)
341,IGST0483A-S26,"Rise of Asia and U.S. Policy
Please register via PSCI 0483A",Jeffrey Lunstead,"CMP NOA, SOC","2:15pm-3:30pm on Tuesday, Thursday (Feb 9, 2026 to May 11, 2026)",Axinn Center 220 (AXN 220)
342,INTD0103A-S26,Persuasive Storytelling,Ben Powers,PE,"12:45pm-2:00pm on Tuesday (Feb 9, 2026 to May 11, 2026)",Axinn Center 229 (AXN 229)
343,INTD0109A-S26,Posse Leadership Development,Tanya Byker,,"5:00pm-6:30pm on Monday (Feb 9, 2026 to May 11, 2026)",
344,INTD0109B-S26,Posse Leadership Development,Luis Castaneda,,"5:00pm-6:30pm on Monday (Feb 9, 2026 to May 11, 2026)",
345,INTD0109C-S26,Posse Leadership Development,Leila McVeigh,,"5:00pm-6:30pm on Monday (Feb 9, 2026 to May 11, 2026)",
346,INTD0116A-S26,Accounting/Budgeting/Lib Arts,Anne-Marie Magri,,"11:15am-12:30pm on Monday, Wednesday (Feb 9, 2026 to May 11, 2026)",Axinn Center 219 (AXN 219)
347,INTD0120A-S26,Intro Business & Enterprise,Matthew Considine,SOC,"9:45am-11:00am on Tuesday, Thursday (Feb 9, 2026 to May 11, 2026)",Axinn Center 229 (AXN 229)
348,INTD0121A-S26,Community Connected Learning,Shannon McClain,,"2:15pm-3:30pm on Tuesday, Thursday (Feb 9, 2026 to May 11, 2026)",
349,INTD0140A-S26,Social Capital Networks &Trust,Michal Strier,CMP SOC,"11:15am-12:30pm on Tuesday, Thursday (Feb 9, 2026 to May 11, 2026)",Axinn Center 104 (AXN 104)
350,INTD0221A-S26,Enterprise & Entrepreneurship,Ernie Parizeau,,"1:30pm-4:15pm on Wednesday (Feb 9, 2026 to May 11, 2026)",Library 201 (LIB 201)
351,INTD0222A-S26,Sustainable Finance,Frank Van Gansbeke,DED SOC,"9:45am-11:00am on Tuesday, Thursday (Feb 9, 2026 to May 11, 2026)",Library 201 (LIB 201)
352,INTD0226A-S26,Experiential Learning Gateway,Jason Duquette-Hoffman,,"12:15pm-1:15pm on Friday (Mar 23, 2026 to May 11, 2026)",
353,INTD0302A-S26,Life of Meaning,"Robert Moeller, Ernie Parizeau",,"1:30pm-4:15pm on Tuesday (Feb 9, 2026 to May 11, 2026)",Library 201 (LIB 201)
354,INTD0319A-S26,Investment Management,Matthew Considine,,"12:45pm-2:00pm on Tuesday, Thursday (Feb 9, 2026 to May 11, 2026)",Axinn Center 229 (AXN 229)
355,INTD0401A-S26,Adv Topics in Bus.& Enterprise,Tim Nguyen,SOC,"1:30pm-4:15pm on Monday (Feb 9, 2026 to May 11, 2026)",Axinn Center 103 (AXN 103)
356,INTD0405A-S26,Business & Int'l Human Rights,Tim Nguyen,,"7:30pm-10:25pm on Monday (Feb 9, 2026 to May 11, 2026)",Axinn Center 103 (AXN 103)
357,IPEC0240A-S26,Int'l Econ: Theory & Policy,Kristina Sargent,,"2:15pm-3:30pm on Tuesday, Thursday (Feb 9, 2026 to May 11, 2026)",Axinn Center 100 (AXN 100)
358,IPEC0304A-S26,"Internatl Political Economy
Please register via PSCI 0304A",Gary Winslett,SOC,"11:15am-12:30pm on Tuesday, Thursday (Feb 9, 2026 to May 11, 2026)",Munroe Hall 317 (MNR 317)
359,ITAL0103A-S26,Beginning Italian,Ilaria Brancoli Busdraghi,LNG,"8:15am-9:30am on Tuesday, Thursday at MNR 409 (Feb 9, 2026 to May 11, 2026)
8:40am-9:30am on Monday, Wednesday, Friday at MNR 409 (Feb 9, 2026 to May 11, 2026)",Munroe Hall 409 (MNR 409)
360,ITAL0103B-S26,Beginning Italian,Stefano Mula,LNG,"9:45am-11:00am on Tuesday, Thursday at ATD 102 (Feb 9, 2026 to May 11, 2026)
9:45am-10:35am on Monday, Wednesday, Friday at ATD 102 (Feb 9, 2026 to May 11, 2026)",Atwater Dining 102 (ATD 102)
361,ITAL0123A-S26,Accelerated Beginning Italian,Thomas Van Order,LNG,"11:15am-12:30pm on Tuesday, Thursday at ATA A100 (Feb 9, 2026 to May 11, 2026)
11:15am-12:05pm on Monday, Wednesday, Friday at ATA A100 (Feb 9, 2026 to May 11, 2026)",Atwater Hall A A100 (ATA A100)
362,ITAL0252A-S26,Italian Culture: Fascism-Pres,Ilaria Brancoli Busdraghi,LIT LNG,"9:45am-10:35am on Monday, Wednesday, Friday (Feb 9, 2026 to May 11, 2026)",Munroe Hall 409 (MNR 409)
363,ITAL0252B-S26,Italian Culture: Fascism-Pres,Stefano Mula,LIT LNG,"11:15am-12:05pm on Monday, Wednesday, Friday (Feb 9, 2026 to May 11, 2026)",Atwater Dining 102 (ATD 102)
364,ITAL0325A-S26,Il Cinema d'Autore: 1945-2025,Thomas Van Order,"ART EUR, LNG","9:45am-11:00am on Monday, Wednesday (Feb 9, 2026 to May 11, 2026)",Atwater Hall A A100 (ATA A100)
365,ITAL0425A-S26,Il Cinema d'Autore: 1945-2025,Thomas Van Order,"ART EUR, LNG","9:45am-11:00am on Monday, Wednesday (Feb 9, 2026 to May 11, 2026)",Atwater Hall A A100 (ATA A100)
366,JAPN0103A-S26,First-Year Japanese,Otilia Milutin,LNG,"9:45am-11:00am on Tuesday, Thursday (Feb 9, 2026 to May 11, 2026)",McCardell Bicentennial Hall 148 (MBH 148)
367,JAPN0103B-S26,First-Year Japanese,Otilia Milutin,LNG,"11:15am-12:30pm on Tuesday, Thursday (Feb 9, 2026 to May 11, 2026)",McCardell Bicentennial Hall 148 (MBH 148)
368,JAPN0202A-S26,Second-Year Japanese,Kyoko Davis,LNG,"9:45am-11:00am on Tuesday, Thursday (Feb 9, 2026 to May 11, 2026)",McCardell Bicentennial Hall 331 (MBH 331)
369,JAPN0231A-S26,Emotion in Japanese,Sayaka Abe,NOA SOC,"1:30pm-4:15pm on Wednesday (Feb 9, 2026 to May 11, 2026)",Freeman FR1 (FIC FR1)
370,JAPN0231B-S26,Emotion in Japanese,Sayaka Abe,"CW NOA, SOC","1:30pm-4:15pm on Wednesday (Feb 9, 2026 to May 11, 2026)",Freeman FR1 (FIC FR1)
371,JAPN0277A-S26,JapaneseCulture thru Anime,Otilia Milutin,"ART HIS, NOA","2:15pm-3:30pm on Tuesday, Thursday (Feb 9, 2026 to May 11, 2026)",75 Shannon Street 102 (75SHS 102)
372,JAPN0302A-S26,Third-Year Japanese,Sayaka Abe,LNG,"9:45am-11:00am on Monday, Wednesday (Feb 9, 2026 to May 11, 2026)",Freeman FR1 (FIC FR1)
373,JAPN0402A-S26,Advanced Japanese,Kyoko Davis,LNG,"11:15am-12:30pm on Tuesday, Thursday (Feb 9, 2026 to May 11, 2026)",McCardell Bicentennial Hall 331 (MBH 331)
374,JAPN0485A-S26,Expressive Japanese,Sayaka Abe,LNG NOA,"1:30pm-4:15pm on Tuesday (Feb 9, 2026 to May 11, 2026)",Freeman FR1 (FIC FR1)
375,JAPN0485B-S26,Expressive Japanese,Sayaka Abe,"CW LNG, NOA","1:30pm-4:15pm on Tuesday (Feb 9, 2026 to May 11, 2026)",Freeman FR1 (FIC FR1)
376,JWST0200A-S26,The US-Israel Relationship,Ted Sasson,MDE SOC,"12:45pm-2:00pm on Tuesday, Thursday (Feb 9, 2026 to May 11, 2026)",Twilight Hall 201 (AXT 201)
377,JWST0231A-S26,"Zionism and 'Roads Not Taken'
Please register via HEBM 0231A",Adi Livny,"CMP EUR, HIS","12:45pm-2:00pm on Monday, Wednesday (Feb 9, 2026 to May 11, 2026)",Axinn Center 220 (AXN 220)
378,JWST0302A-S26,American Jewish Life,Ted Sasson,AMR SOC,"7:30pm-10:25pm on Wednesday (Feb 9, 2026 to May 11, 2026)",Munroe Hall 401 (MNR 401)
379,LATN0202A-S26,Intermediate Latin: Poetry,Christopher Star,EUR LNG,"9:45am-11:00am on Tuesday, Thursday (Feb 9, 2026 to May 11, 2026)",Twilight Hall 206 (AXT 206)
380,LATN0402A-S26,Advanced Readings in Latin II,Randall Ganiban,,"12:45pm-2:00pm on Monday, Wednesday (Feb 9, 2026 to May 11, 2026)",Twilight Hall 305 (AXT 305)
381,JAPN0277A-S26,JapaneseCulture thru Anime,Otilia Milutin,"ART HIS, NOA","2:15pm-3:30pm on Tuesday, Thursday (Feb 9, 2026 to May 11, 2026)",75 Shannon Street 102 (75SHS 102)
382,JAPN0302A-S26,Third-Year Japanese,Sayaka Abe,LNG,"9:45am-11:00am on Monday, Wednesday (Feb 9, 2026 to May 11, 2026)",Freeman FR1 (FIC FR1)
383,JAPN0402A-S26,Advanced Japanese,Kyoko Davis,LNG,"11:15am-12:30pm on Tuesday, Thursday (Feb 9, 2026 to May 11, 2026)",McCardell Bicentennial Hall 331 (MBH 331)
384,JAPN0485A-S26,Expressive Japanese,Sayaka Abe,LNG NOA,"1:30pm-4:15pm on Tuesday (Feb 9, 2026 to May 11, 2026)",Freeman FR1 (FIC FR1)
385,JAPN0485B-S26,Expressive Japanese,Sayaka Abe,"CW LNG, NOA","1:30pm-4:15pm on Tuesday (Feb 9, 2026 to May 11, 2026)",Freeman FR1 (FIC FR1)
386,JWST0200A-S26,The US-Israel Relationship,Ted Sasson,MDE SOC,"12:45pm-2:00pm on Tuesday, Thursday (Feb 9, 2026 to May 11, 2026)",Twilight Hall 201 (AXT 201)
387,JWST0231A-S26,"Zionism and 'Roads Not Taken'
Please register via HEBM 0231A",Adi Livny,"CMP EUR, HIS","12:45pm-2:00pm on Monday, Wednesday (Feb 9, 2026 to May 11, 2026)",Axinn Center 220 (AXN 220)
388,JWST0302A-S26,American Jewish Life,Ted Sasson,AMR SOC,"7:30pm-10:25pm on Wednesday (Feb 9, 2026 to May 11, 2026)",Munroe Hall 401 (MNR 401)
389,LATN0202A-S26,Intermediate Latin: Poetry,Christopher Star,EUR LNG,"9:45am-11:00am on Tuesday, Thursday (Feb 9, 2026 to May 11, 2026)",Twilight Hall 206 (AXT 206)
390,LATN0402A-S26,Advanced Readings in Latin II,Randall Ganiban,,"12:45pm-2:00pm on Monday, Wednesday (Feb 9, 2026 to May 11, 2026)",Twilight Hall 305 (AXT 305)
391,LITS0152A-S26,"Greek Tragedy
Please register via CLAS 0152A",Marc Witkin,"EUR LIT, PHL","2:15pm-3:30pm on Monday, Wednesday (Feb 9, 2026 to May 11, 2026)",Twilight Hall 201 (AXT 201)
392,LITS0282A-S26,"New Testament Narrative Art
Please register via RELI 0282A",Maria Hatjigeorgiou,"CMP LIT, PHL","2:15pm-3:30pm on Monday, Wednesday (Feb 9, 2026 to May 11, 2026)",Munroe Hall 406 (MNR 406)
393,LNGT0206A-S26,Narratives in News Media,Shawna Shapiro,CW SOC,"2:15pm-3:30pm on Tuesday, Thursday (Feb 9, 2026 to May 11, 2026)",Le Chateau 109 (CHT 109)
394,LNGT0231A-S26,"Emotion in Japanese
Please register via JAPN 0231A",Sayaka Abe,NOA SOC,"1:30pm-4:15pm on Wednesday (Feb 9, 2026 to May 11, 2026)",Freeman FR1 (FIC FR1)
395,LNGT0231B-S26,"Emotion in Japanese
Please register via JAPN 0231B",Sayaka Abe,"CW NOA, SOC","1:30pm-4:15pm on Wednesday (Feb 9, 2026 to May 11, 2026)",Freeman FR1 (FIC FR1)
396,LNGT0233A-S26,"History of French Language
Please register via FREN 0233A",Gyula Zsombok,"CMP HIS, LNG","9:45am-10:35am on Monday, Wednesday, Friday (Feb 9, 2026 to May 11, 2026)",Le Chateau 003 (CHT 003)
397,LNGT0233B-S26,"History of French Language
Please register via FREN 0233B",Gyula Zsombok,"CMP CW, HIS, LNG","9:45am-10:35am on Monday, Wednesday, Friday (Feb 9, 2026 to May 11, 2026)",Le Chateau 003 (CHT 003)
398,LNGT0266A-S26,Second Language Acquisition,Thor Sawin,DED SOC,"12:45pm-2:00pm on Tuesday, Thursday (Feb 9, 2026 to May 11, 2026)",Sunderland Lanuage Ctr 202 (SDL 202)
399,LNGT0270A-S26,"Chinese Sociolinguistics
Please register via CHNS 0270A",Hang Du,NOA SOC,"12:45pm-2:00pm on Tuesday, Thursday (Feb 9, 2026 to May 11, 2026)",Munroe Hall 208 (MNR 208)
400,LNGT0321A-S26,"Renewing Endangered Languages
Please register via ANTH 0321A",Marybeth Nevins,CMP SOC,"2:15pm-3:30pm on Tuesday, Thursday (Feb 9, 2026 to May 11, 2026)",Sunderland Lanuage Ctr 202 (SDL 202)
401,LNGT0322A-S26,"Hispanic Linguistics
Please register via SPAN 0322A",Marcos Rohena-Madrazo,"CMP LNG, SOC","9:45am-11:00am on Tuesday, Thursday (Feb 9, 2026 to May 11, 2026)",Twilight Hall 302 (AXT 302)
402,LNGT0422A-S26,"Hispanic Bilingualsim
Please register via SPAN 0422A",Brandon Baird,"CMP LNG, SOC","12:45pm-2:00pm on Tuesday, Thursday (Feb 9, 2026 to May 11, 2026)",Axinn Center 104 (AXN 104)
403,MATH0121A-S26,Calculus I,Evan Camrud,DED,"8:15am-9:30am on Tuesday at WNS 101 (Feb 9, 2026 to May 11, 2026)
8:40am-9:30am on Monday, Wednesday, Friday at WNS 101 (Feb 9, 2026 to May 11, 2026)",Warner Hall 101 (WNS 101)
404,MATH0121B-S26,Calculus I,Rose Morris-Wright,DED,"9:45am-11:00am on Tuesday at WNS 104 (Feb 9, 2026 to May 11, 2026)
9:45am-10:35am on Monday, Wednesday, Friday at WNS 104 (Feb 9, 2026 to May 11, 2026)",Warner Hall 104 (WNS 104)
405,MATH0122A-S26,Calculus II,Steve Abbott,DED,"8:15am-9:30am on Thursday at WNS 105 (Feb 9, 2026 to May 11, 2026)
8:40am-9:30am on Monday, Wednesday, Friday at WNS 105 (Feb 9, 2026 to May 11, 2026)",Warner Hall 105 (WNS 105)
406,MATH0122B-S26,Calculus II,Bill Peterson,DED,"9:45am-11:00am on Thursday at WNS 105 (Feb 9, 2026 to May 11, 2026)
9:45am-10:35am on Monday, Wednesday, Friday at WNS 105 (Feb 9, 2026 to May 11, 2026)",Warner Hall 105 (WNS 105)
407,MATH0200A-S26,Linear Algebra,John Schmitt,DED,"8:40am-9:30am on Monday, Wednesday, Friday (Feb 9, 2026 to May 11, 2026)",Warner Hall 104 (WNS 104)
408,MATH0200B-S26,Linear Algebra,Emily Proctor,DED,"9:45am-10:35am on Monday, Wednesday, Friday (Feb 9, 2026 to May 11, 2026)",Warner Hall 101 (WNS 101)
409,MATH0200C-S26,Linear Algebra,Mike Olinick,DED,"11:15am-12:05pm on Monday, Wednesday, Friday (Feb 9, 2026 to May 11, 2026)",Warner Hall 100 (WNS 100)
410,MATH0223A-S26,Multivariable Calculus,Steve Abbott,DED,"11:15am-12:05pm on Monday, Wednesday, Friday (Feb 9, 2026 to May 11, 2026)",Warner Hall 104 (WNS 104)
411,MATH0224A-S26,Vector Calculus,Mike Olinick,DED,"9:45am-10:35am on Monday, Wednesday, Friday (Feb 9, 2026 to May 11, 2026)",Warner Hall 100 (WNS 100)
412,MATH0226A-S26,Differential Equations,Evan Camrud,DED,"9:45am-10:35am on Monday, Wednesday, Friday (Feb 9, 2026 to May 11, 2026)",Warner Hall 010 (WNS 010)
413,MATH0228A-S26,Intro to Numerical Analysis,Jennifer Crodelle,DED,"9:45am-11:00am on Tuesday, Thursday (Feb 9, 2026 to May 11, 2026)",Warner Hall 101 (WNS 101)
414,MATH0310A-S26,Probability,Becky Tang,DED,"1:10pm-2:00pm on Monday, Wednesday, Friday (Feb 9, 2026 to May 11, 2026)",Warner Hall 011 (WNS 011)
415,MATH0323A-S26,Real Analysis,Rose Morris-Wright,DED,"8:15am-9:30am on Tuesday, Thursday (Feb 9, 2026 to May 11, 2026)",Warner Hall 011 (WNS 011)
416,MATH0325A-S26,Complex Analysis,Noah Graham,DED,"8:40am-9:30am on Monday, Wednesday, Friday (Feb 9, 2026 to May 11, 2026)",McCardell Bicentennial Hall 538 (MBH 538)
417,MATH0410A-S26,Stochastic Processes,Bill Peterson,DED,"1:10pm-2:00pm on Monday, Wednesday, Friday (Feb 9, 2026 to May 11, 2026)",Warner Hall 105 (WNS 105)
418,MATH0715A-S26,Advanced Math Modeling Seminar,Jennifer Crodelle,DED,"12:45pm-2:00pm on Tuesday, Thursday (Feb 9, 2026 to May 11, 2026)",Warner Hall 010 (WNS 010)
419,MUSC0101A-S26,Introduction to Music,Danielle Simon,"ART CMP, HIS","9:45am-11:00am on Tuesday, Thursday (Feb 9, 2026 to May 11, 2026)",Mahaney Center for the Arts 221 (MAC 221)
420,MUSC0160A-S26,Music Theory I: Fundamentals,Jeff Buettner,ART,"11:15am-12:05pm on Friday at MAC 221 (Feb 9, 2026 to May 11, 2026)
11:15am-12:30pm on Tuesday, Thursday at MAC 221 (Feb 9, 2026 to May 11, 2026)",Mahaney Center for the Arts 221 (MAC 221)
421,MUSC0205A-S26,"Performance Lab
Performance Lab-Orchestra",Evan Bennett,ART,"7:00pm-9:00pm on Thursday, Sunday (Feb 9, 2026 to May 11, 2026)",Mahaney Center for the Arts 221 (MAC 221)
422,MUSC0205B-S26,"Performance Lab
Performance Lab-College Choir",Jeff Buettner,ART,"4:30pm-6:30pm on Monday, Wednesday (Feb 9, 2026 to May 11, 2026)",
423,MUSC0205E-S26,"Performance Lab
Performance Lab-Afropop",Damascus Kafumbe,ART,"4:30pm-6:30pm on Tuesday, Thursday (Feb 9, 2026 to May 11, 2026)",Mahaney Center for the Arts 221 (MAC 221)
424,MUSC0210A-S26,Composition II,Matthew Quayle,ART,"11:15am-12:30pm on Tuesday, Thursday (Feb 9, 2026 to May 11, 2026)",Mahaney Center for the Arts 209 (MAC 209)
425,MUSC0212A-S26,Advanced Electronic Music,McLean Macionis,ART,"11:15am-12:30pm on Monday, Wednesday (Feb 9, 2026 to May 11, 2026)",Mahaney Center for the Arts 209 (MAC 209)
426,MUSC0230A-S26,Topics Music:Broadway Musical,Danielle Simon,"AMR ART, CMP, CW, HIS","12:45pm-2:00pm on Tuesday, Thursday (Feb 9, 2026 to May 11, 2026)",Mahaney Center for the Arts 221 (MAC 221)
427,MUSC0239A-S26,"Cultural Work Country Music
Please register via AMST 0239A",William Nash,"AMR HIS, SOC","9:45am-11:00am on Monday, Wednesday (Feb 9, 2026 to May 11, 2026)",Axinn Center 219 (AXN 219)
428,MUSC0245A-S26,Collab Improv All-Arts Ens,Matthew Quayle,ART,"2:15pm-3:30pm on Monday, Wednesday (Feb 9, 2026 to May 11, 2026)",Mahaney Center for the Arts 221 (MAC 221)
429,MUSC0334A-S26,Music in World Cultures,Damascus Kafumbe,"ART CMP, CW","12:45pm-2:00pm on Monday, Wednesday (Feb 9, 2026 to May 11, 2026)",Mahaney Center for the Arts 221 (MAC 221)
430,NSCI0205A-S26,"Emotions
Please register via PSYC 0205A",Kim Cronise,SOC,"8:40am-9:30am on Monday, Wednesday, Friday (Feb 9, 2026 to May 11, 2026)",McCardell Bicentennial Hall 104 (MBH 104)
431,NSCI0235A-S26,Mighty-chondria,Amanda Crocker,SCI,"11:15am-12:30pm on Monday, Wednesday (Feb 9, 2026 to May 11, 2026)",McCardell Bicentennial Hall 411 (MBH 411)
432,NSCI0251A-S26,Cellular/MolecularNeuroscience,Rebekah Keating Godfrey,SCI,"9:45am-11:00am on Monday, Wednesday (Feb 9, 2026 to May 11, 2026)",McCardell Bicentennial Hall 319 (MBH 319)
433,NSCI0252A-S26,Behavioral Neuroscience,Clinton Cave,SCI,"9:45am-11:00am on Monday, Wednesday (Feb 9, 2026 to May 11, 2026)",McCardell Bicentennial Hall 538 (MBH 538)
434,NSCI0252B-S26,Behavioral Neuroscience,Zu Zhai,SCI,"9:45am-11:00am on Tuesday, Thursday (Feb 9, 2026 to May 11, 2026)",McCardell Bicentennial Hall 168 (MBH 168)
435,NSCI0345A-S26,Neurodevelopment,Clinton Cave,CW SCI,"9:45am-11:00am on Tuesday, Thursday (Feb 9, 2026 to May 11, 2026)",McCardell Bicentennial Hall 148 (MBH 148)
436,NSCI0410A-S26,Neural Coding,Amanda Crocker,SCI,"1:30pm-4:15pm on Tuesday (Feb 9, 2026 to May 11, 2026)",McCardell Bicentennial Hall 319 (MBH 319)
437,PGSE0215A-S26,Advanced Portuguese,Fernando Rocha,LNG,"9:45am-10:35am on Monday, Wednesday, Friday (Feb 9, 2026 to May 11, 2026)",Axinn Center 220 (AXN 220)
438,PGSE0215B-S26,Advanced Portuguese,Daniel Silva,LNG,"11:15am-12:30pm on Monday, Wednesday (Feb 9, 2026 to May 11, 2026)",Le Chateau 003 (CHT 003)
439,PGSE0349A-S26,Inventing Rio de Janeiro,Fernando Rocha,"AMR ART, CMP, LNG","12:45pm-2:00pm on Tuesday, Thursday (Feb 9, 2026 to May 11, 2026)",Axinn Center 220 (AXN 220)
440,PHIL0156A-S26,Contemporary Moral Issues,Steven Viner,PHL,"2:15pm-3:30pm on Monday, Wednesday (Feb 9, 2026 to May 11, 2026)",Twilight Hall 302 (AXT 302)
441,PHIL0170A-S26,Intro to World Philosophy,John Spackman,CMP PHL,"11:15am-12:30pm on Tuesday, Thursday (Feb 9, 2026 to May 11, 2026)",Twilight Hall 302 (AXT 302)
442,PHIL0180A-S26,Introduction to Modern Logic,Tim Juvshik,DED,"9:45am-10:35am on Monday, Wednesday, Friday (Feb 9, 2026 to May 11, 2026)",Twilight Hall 201 (AXT 201)
443,PHIL0230A-S26,Moral Psychology,Lorraine Besser,PHL SOC,"9:45am-11:00am on Tuesday, Thursday (Feb 9, 2026 to May 11, 2026)",Twilight Hall 301 (AXT 301)
444,PHIL0250A-S26,Early Modern Philosophy,Lorraine Besser,EUR PHL,"12:45pm-2:00pm on Tuesday, Thursday (Feb 9, 2026 to May 11, 2026)",Twilight Hall 301 (AXT 301)
445,PHIL0305A-S26,"Confucius and Confucianism
Please register via HIST 0305A",Don Wyatt,"HIS NOA, PHL","11:15am-12:30pm on Tuesday, Thursday (Feb 9, 2026 to May 11, 2026)",Sunderland Lanuage Ctr DNA (SDL DNA)
446,PHIL0305B-S26,"Confucius and Confucianism
Please register via HIST 0305B",Don Wyatt,"CW HIS, NOA, PHL","11:15am-12:30pm on Tuesday, Thursday (Feb 9, 2026 to May 11, 2026)",Sunderland Lanuage Ctr DNA (SDL DNA)
447,PHIL0306A-S26,Philosophy of Law,Steven Viner,PHL,"11:15am-12:30pm on Monday, Wednesday (Feb 9, 2026 to May 11, 2026)",Twilight Hall 301 (AXT 301)
448,PHIL0306B-S26,Philosophy of Law,Steven Viner,CW PHL,"11:15am-12:30pm on Monday, Wednesday (Feb 9, 2026 to May 11, 2026)",Twilight Hall 301 (AXT 301)
449,PHIL0415A-S26,Technical Artifacts,Tim Juvshik,PHL,"12:45pm-2:00pm on Monday, Wednesday (Feb 9, 2026 to May 11, 2026)",Twilight Hall 305 (AXT 305)
450,PHYS0102A-S26,An Exploration of Time Keeping,TBD,DED,"View availability, prerequisites, and other requirements.",TBD
451,PHYS0106A-S26,Physics for Educated Citizens,Susan Watson,DED SCI,"9:45am-10:35am on Monday, Wednesday, Friday (Feb 9, 2026 to May 11, 2026)",McCardell Bicentennial Hall 220 (MBH 220)
452,PHYS0108A-S26,The Physics of Motion,Paul Hess,DED SCI,"9:45am-10:35am on Monday, Wednesday, Friday (Feb 9, 2026 to May 11, 2026)",McCardell Bicentennial Hall 216 (MBH 216)
453,PHYS0111A-S26,"Waves, Optics & Thermodynamics",McKinley Brumback,DED SCI,"8:40am-9:30am on Monday, Wednesday, Friday (Feb 9, 2026 to May 11, 2026)",McCardell Bicentennial Hall 216 (MBH 216)
454,PHYS0114A-S26,Electricity & Magnetism,Chris Herdman,DED SCI,"11:15am-12:30pm on Tuesday, Thursday (Feb 9, 2026 to May 11, 2026)",McCardell Bicentennial Hall 216 (MBH 216)
455,PHYS0218A-S26,Quantum Physics,Eilat Glikman,,"11:15am-12:30pm on Tuesday, Thursday (Feb 9, 2026 to May 11, 2026)",McCardell Bicentennial Hall 503 (MBH 503)
456,PHYS0222A-S26,Experimental Physics I,Anne Goodsell,DED SCI,"8:15am-9:30am on Tuesday, Thursday (Feb 9, 2026 to May 11, 2026)",McCardell Bicentennial Hall 538 (MBH 538)
457,PHYS0318A-S26,Quantum Mechanics,Chris Herdman,,"11:15am-12:30pm on Monday, Wednesday (Feb 9, 2026 to May 11, 2026)",McCardell Bicentennial Hall 503 (MBH 503)
458,PHYS0330A-S26,Analytical Mechanics,Michael Dunham,,"9:45am-11:00am on Tuesday, Thursday (Feb 9, 2026 to May 11, 2026)",McCardell Bicentennial Hall 503 (MBH 503)
459,PHYS0345A-S26,High Energy Astrophysics,McKinley Brumback,,"11:15am-12:30pm on Tuesday, Thursday (Feb 9, 2026 to May 11, 2026)",McCardell Bicentennial Hall 538 (MBH 538)
460,PHYS0355A-S26,Observational Astrophysics,Eilat Glikman,,"2:15pm-3:30pm on Monday, Wednesday (Feb 9, 2026 to May 11, 2026)",McCardell Bicentennial Hall 503 (MBH 503)
461,PHYS0355B-S26,Observational Astrophysics,Eilat Glikman,CW,"2:15pm-3:30pm on Monday, Wednesday (Feb 9, 2026 to May 11, 2026)",McCardell Bicentennial Hall 503 (MBH 503)
462,PHYS0380A-S26,General Relativity,Noah Graham,DED SCI,"9:45am-10:35am on Monday, Wednesday, Friday (Feb 9, 2026 to May 11, 2026)",McCardell Bicentennial Hall 503 (MBH 503)
463,PHYS0704A-S26,Senior Project,Michael Dunham,,"8:40am-9:30am on Thursday (Feb 9, 2026 to May 11, 2026)",McCardell Bicentennial Hall 530 (MBH 530)
464,PSCI0101A-S26,Intro to Political Philosophy,Daniel Fram,"EUR PHL, SOC","9:45am-11:00am on Monday, Wednesday (Feb 9, 2026 to May 11, 2026)",Axinn Center 219 (AXN 219)
465,PSCI0102A-S26,American Political Regime,Murray Dry,"AMR NOR, SOC","2:15pm-3:30pm on Tuesday, Thursday (Feb 9, 2026 to May 11, 2026)",Munroe Hall 311 (MNR 311)
466,PSCI0103A-S26,Intro to Comparative Politics,Sebnem Gumuscu,CMP SOC,"8:40am-9:30am on Monday, Wednesday (Feb 9, 2026 to May 11, 2026)",Axinn Center 103 (AXN 103)
467,PSCI0103B-S26,Intro to Comparative Politics,Erik Bleich,CMP SOC,"9:45am-11:00am on Monday, Wednesday (Feb 9, 2026 to May 11, 2026)",Munroe Hall 317 (MNR 317)
468,PSCI0109A-S26,International Politics,Caileigh Glenn,CMP SOC,"8:40am-9:30am on Tuesday, Thursday (Feb 9, 2026 to May 11, 2026)",Axinn Center 232 (AXN 232)
469,PSCI0109B-S26,International Politics,Amy Yuen,CMP SOC,"9:45am-10:35am on Monday, Wednesday (Feb 9, 2026 to May 11, 2026)",Hillcrest 103 (HLD 103)
470,PSCI0140A-S26,"Social Capital Networks &Trust
Please register via INTD 0140A",Michal Strier,CMP SOC,"11:15am-12:30pm on Tuesday, Thursday (Feb 9, 2026 to May 11, 2026)",Axinn Center 104 (AXN 104)
471,PSCI0208A-S26,Politics of US Congress,Matthew Dickinson,AMR NOR,"12:45pm-2:00pm on Monday, Wednesday (Feb 9, 2026 to May 11, 2026)",Munroe Hall 317 (MNR 317)
472,PSCI0213A-S26,QualitativeMethods in Poli Sci,Ajay Verghese,DED,"9:45am-11:00am on Monday, Wednesday (Feb 9, 2026 to May 11, 2026)",Axinn Center 220 (AXN 220)
473,PSCI0214A-S26,Intl Environmental Politics,Kemi Fuentes-George,CMP SOC,"9:45am-11:00am on Monday, Wednesday (Feb 9, 2026 to May 11, 2026)",Axinn Center 229 (AXN 229)
474,PSCI0219A-S26,Free Speech v. Racist Speech,Erik Bleich,CMP SOC,"2:15pm-3:30pm on Monday, Wednesday (Feb 9, 2026 to May 11, 2026)",Munroe Hall 317 (MNR 317)
475,PSCI0227A-S26,Russian Politics,Margaret Hanson,"EUR HIS, SOC","9:45am-11:00am on Tuesday, Thursday (Feb 9, 2026 to May 11, 2026)",Munroe Hall 317 (MNR 317)
476,PSCI0239A-S26,Future Great Power Relations,Mark Williams,CMP SOC,"2:15pm-3:30pm on Monday, Wednesday (Feb 9, 2026 to May 11, 2026)",Robert A. Jones '59 House CON (RAJ CON)
477,PSCI0243A-S26,Pan-African Philosophy,Kemi Fuentes-George,"CMP CW, PHL","11:15am-12:30pm on Monday, Wednesday (Feb 9, 2026 to May 11, 2026)",Axinn Center 104 (AXN 104)
478,PSCI0256A-S26,Politics of India,Ajay Verghese,SOA SOC,"12:45pm-2:00pm on Monday, Wednesday (Feb 9, 2026 to May 11, 2026)",Axinn Center 220 (AXN 220)
479,PSCI0260A-S26,Pol Economy Drug Trafficking,Mark Williams,"AMR CMP, CW, SOC","2:15pm-3:30pm on Tuesday, Thursday (Feb 9, 2026 to May 11, 2026)",Robert A. Jones '59 House CON (RAJ CON)
480,PSCI0304A-S26,"Internatl Political Economy
Internat'l Political Economy",Gary Winslett,SOC,"11:15am-12:30pm on Tuesday, Thursday (Feb 9, 2026 to May 11, 2026)",Munroe Hall 317 (MNR 317)
481,PSCI0310A-S26,American Public Policy,Christopher Klyza,"AMR NOR, SOC","9:45am-10:35am on Monday, Wednesday, Friday (Feb 9, 2026 to May 11, 2026)",Hillcrest 103 (HLD 103)
482,PSCI0312A-S26,Bureaucracy,Matthew Dickinson,,"9:45am-11:00am on Monday, Wednesday (Feb 9, 2026 to May 11, 2026)",Munroe Hall 317 (MNR 317)
483,PSCI0318A-S26,Modern Political Philosophy,Murray Dry,"EUR PHL, SOC","1:10pm-2:00pm on Friday at MNR 311 (Feb 9, 2026 to May 11, 2026)
2:15pm-3:30pm on Monday, Wednesday at MNR 311 (Feb 9, 2026 to May 11, 2026)",Munroe Hall 311 (MNR 311)
484,PSCI0322A-S26,War and Peace,Amy Yuen,SOC,"11:15am-12:30pm on Monday, Wednesday (Feb 9, 2026 to May 11, 2026)",Munroe Hall 311 (MNR 311)
485,PSCI0409A-S26,Cosmopolitanism & Nationalism,Daniel Fram,"CMP EUR, PHL, SOC","1:30pm-4:15pm on Tuesday (Feb 9, 2026 to May 11, 2026)",Munroe Hall 401 (MNR 401)
486,PSCI0466A-S26,Political Economy of Security,Caileigh Glenn,CMP SOC,"11:15am-12:30pm on Tuesday, Thursday (Feb 9, 2026 to May 11, 2026)",Munroe Hall 317 (MNR 317)
487,PSCI0468A-S26,"Pol Econ of the Middle East
Please register via ECON 0468A","Cihan Artunc, Sebnem Gumuscu","CMP MDE, SOC","11:15am-12:30pm on Monday, Wednesday (Feb 9, 2026 to May 11, 2026)",Axinn Center 220 (AXN 220)
488,PSCI0475A-S26,Authoritarian Legality,Margaret Hanson,CMP SOC,"1:30pm-4:15pm on Thursday (Feb 9, 2026 to May 11, 2026)",Munroe Hall 317 (MNR 317)
489,PSCI0483A-S26,Rise of Asia and U.S. Policy,Jeffrey Lunstead,"CMP NOA, SOC","2:15pm-3:30pm on Tuesday, Thursday (Feb 9, 2026 to May 11, 2026)",Axinn Center 220 (AXN 220)
490,PSYC0105A-S26,Introduction To Psychology,Kim Cronise,SOC,"11:15am-12:30pm on Tuesday, Thursday (Feb 9, 2026 to May 11, 2026)",McCardell Bicentennial Hall 104 (MBH 104)
491,PSYC0105B-S26,Introduction To Psychology,Gina Thomas,SOC,"8:15am-9:30am on Tuesday, Thursday (Feb 9, 2026 to May 11, 2026)",McCardell Bicentennial Hall 104 (MBH 104)
492,PSYC0105C-S26,Introduction To Psychology,Matthew Kimble,SOC,"9:45am-11:00am on Monday, Wednesday (Feb 9, 2026 to May 11, 2026)",Hillcrest 103 (HLD 103)
493,PSYC0105D-S26,Introduction To Psychology,Ann Nordmeyer,SOC,"12:45pm-2:00pm on Monday, Wednesday (Feb 9, 2026 to May 11, 2026)",McCardell Bicentennial Hall 438 (MBH 438)
494,PSYC0201A-S26,Psychological Statistics,Mike Dash,DED,"9:45am-10:35am on Monday, Wednesday, Friday (Feb 9, 2026 to May 11, 2026)",McCardell Bicentennial Hall 168 (MBH 168)
495,PSYC0201B-S26,Psychological Statistics,Laura MacMullin,DED,"11:15am-12:30pm on Monday, Wednesday (Feb 9, 2026 to May 11, 2026)",McCardell Bicentennial Hall 438 (MBH 438)
496,PSYC0202A-S26,Research Methods in Psychology,Robert Moeller,CW DED,"9:45am-11:00am on Tuesday, Thursday (Feb 9, 2026 to May 11, 2026)",Ross Commons Dining 011 (RCD 011)
497,PSYC0202B-S26,Research Methods in Psychology,Olga Parshina,CW DED,"12:45pm-2:00pm on Tuesday, Thursday (Feb 9, 2026 to May 11, 2026)",McCardell Bicentennial Hall 438 (MBH 438)
498,PSYC0203A-S26,Social Psychology,Carlos Velez,SOC,"2:15pm-3:30pm on Tuesday, Thursday (Feb 9, 2026 to May 11, 2026)",McCardell Bicentennial Hall 169 (MBH 169)
499,PSYC0203B-S26,Social Psychology,Sue Fenstermacher,SOC,"7:00pm-10:00pm on Wednesday (Feb 9, 2026 to May 11, 2026)",McCardell Bicentennial Hall 104 (MBH 104)
500,PSYC0205A-S26,Emotions,Kim Cronise,,"8:40am-9:30am on Monday, Wednesday, Friday (Feb 9, 2026 to May 11, 2026)",McCardell Bicentennial Hall 104 (MBH 104)
501,PSYC0224A-S26,Psychological Disorders,Martin Seehuus,SOC,"11:15am-12:30pm on Monday, Wednesday (Feb 9, 2026 to May 11, 2026)",McCardell Bicentennial Hall 104 (MBH 104)
502,PSYC0225A-S26,Child Development,Gina Thomas,SOC,"11:15am-12:30pm on Tuesday, Thursday (Feb 9, 2026 to May 11, 2026)",McCardell Bicentennial Hall 317 (MBH 317)
503,PSYC0312A-S26,Child Therapies:TheoryPractice,Suzanne Gurland,SOC,"1:10pm-2:00pm on Tuesday, Thursday, Friday (Feb 9, 2026 to May 11, 2026)",McCardell Bicentennial Hall 317 (MBH 317)
504,PSYC0344A-S26,Intro to Psycholinguistics,Olga Parshina,SOC,"9:45am-11:00am on Tuesday, Thursday (Feb 9, 2026 to May 11, 2026)",McCardell Bicentennial Hall 338 (MBH 338)
505,PSYC0413A-S26,Theories of Clinical Psych,Martin Seehuus,,"1:30pm-4:15pm on Monday (Feb 9, 2026 to May 11, 2026)",McCardell Bicentennial Hall 331 (MBH 331)
506,PSYC0439A-S26,Resilience,Matthew Kimble,SOC,"1:30pm-4:15pm on Thursday (Feb 9, 2026 to May 11, 2026)",McCardell Bicentennial Hall 319 (MBH 319)
507,RELI0130A-S26,The Global Christian Tradition,James Calvin Davis,"CMP HIS, PHL","2:15pm-3:30pm on Tuesday, Thursday (Feb 9, 2026 to May 11, 2026)",Munroe Hall 217 (MNR 217)
508,RELI0140A-S26,Hindu Traditions of India,Jennifer Ortegren,PHL SOA,"9:45am-11:00am on Tuesday, Thursday (Feb 9, 2026 to May 11, 2026)",Munroe Hall 406 (MNR 406)
509,RELI0201A-S26,Religion and Violence,Justin Doran,"AMR CMP, PHL, SOC","12:45pm-2:00pm on Tuesday, Thursday (Feb 9, 2026 to May 11, 2026)",Munroe Hall 217 (MNR 217)
510,RELI0207A-S26,Buddhism in the Modern World,William Waldron,"CMP PHL, SOA","11:15am-12:30pm on Monday, Wednesday (Feb 9, 2026 to May 11, 2026)",Munroe Hall 311 (MNR 311)
511,RELI0230A-S26,Christian Ethics,James Calvin Davis,"AMR NOR, PHL","11:15am-12:30pm on Tuesday, Thursday (Feb 9, 2026 to May 11, 2026)",Munroe Hall 401 (MNR 401)
512,RELI0282A-S26,New Testament Narrative Art,Maria Hatjigeorgiou,"CMP LIT, PHL","2:15pm-3:30pm on Monday, Wednesday (Feb 9, 2026 to May 11, 2026)",Munroe Hall 406 (MNR 406)
513,RELI0320A-S26,Seminar in Buddhist Philosophy,William Waldron,"CMP PHL, SOA","2:15pm-3:30pm on Monday, Wednesday (Feb 9, 2026 to May 11, 2026)",Munroe Hall 401 (MNR 401)
514,RELI0345A-S26,Modern Hinduism,Jennifer Ortegren,PHL SOA,"1:30pm-4:15pm on Tuesday (Feb 9, 2026 to May 11, 2026)",Munroe Hall 401 (MNR 401)
515,RELI0354A-S26,Modern Islamic Thought,Ata Anzali,MDE PHL,"1:30pm-4:15pm on Wednesday (Feb 9, 2026 to May 11, 2026)",Munroe Hall 208 (MNR 208)
516,RELI0393A-S26,Crossroads,Justin Doran,"AMR CMP, PHL","2:15pm-3:30pm on Tuesday, Thursday (Feb 9, 2026 to May 11, 2026)",Munroe Hall 217 (MNR 217)
517,RUSS0103A-S26,Beginning Russian,"Matthew Walker, Anna Melnikova",LNG,"9:45am-11:00am on Tuesday, Thursday (Feb 9, 2026 to May 11, 2026)",Freeman FR2 (FIC FR2)
518,RUSS0103B-S26,Beginning Russian,"Anna Melnikova, Matthew Walker",LNG,"11:15am-12:30pm on Tuesday, Thursday (Feb 9, 2026 to May 11, 2026)",Freeman FR2 (FIC FR2)
519,RUSS0122A-S26,The Russian Mind (in English),Timothy Portice,"HIS LIT, NOA","7:30pm-8:45pm on Monday, Wednesday (Feb 9, 2026 to May 11, 2026)",Le Chateau 107 (CHT 107)
520,RUSS0202A-S26,Intermediate Russian,"Sasha Portice, Anna Melnikova",LNG,"8:40am-9:30am on Monday, Wednesday, Friday (Feb 9, 2026 to May 11, 2026)",Freeman FR1 (FIC FR1)
521,RUSS0202B-S26,Intermediate Russian,"Sasha Portice, Anna Melnikova",LNG,"9:45am-10:35am on Monday, Wednesday, Friday (Feb 9, 2026 to May 11, 2026)",Freeman FR1 (FIC FR1)
522,RUSS0312A-S26,Russ Cult and Civ II,Sasha Portice,"CW EUR, LIT, LNG","11:15am-12:30pm on Monday, Wednesday (Feb 9, 2026 to May 11, 2026)",Freeman FR1 (FIC FR1)
523,RUSS0352A-S26,"Dostoevsky Global Context
Dostoevsky in Global Context",Timothy Portice,EUR LIT,"2:15pm-3:30pm on Monday, Wednesday (Feb 9, 2026 to May 11, 2026)",Freeman FR2 (FIC FR2)
524,RUSS0359A-S26,The Art Of Nabokov,Matthew Walker,AMR LIT,"2:15pm-3:30pm on Tuesday, Thursday (Feb 9, 2026 to May 11, 2026)",Le Chateau 110 (CHT 110)
525,SOCI0101A-S26,Introduction to Sociology,Jamie McCallum,"AMR CMP, SOC","9:45am-11:00am on Monday, Wednesday (Feb 9, 2026 to May 11, 2026)",Axinn Center 109 (AXN 109)
526,SOCI0201A-S26,Sociology of Labor,Jamie McCallum,SOC,"12:45pm-2:00pm on Monday, Wednesday (Feb 9, 2026 to May 11, 2026)",Axinn Center 220 (AXN 220)
527,SOCI0226A-S26,Social Networks,Isabelle Langrock,DED SOC,"9:45am-11:00am on Tuesday, Thursday (Feb 9, 2026 to May 11, 2026)",Munroe Hall 409 (MNR 409)
528,SOCI0235A-S26,The City and Its People,Linus Owens,"AMR NOR, SOC","9:45am-11:00am on Tuesday, Thursday (Feb 9, 2026 to May 11, 2026)",Munroe Hall 406 (MNR 406)
529,SOCI0238A-S26,Visual Sociology,Linus Owens,SOC,"12:45pm-2:00pm on Tuesday, Thursday (Feb 9, 2026 to May 11, 2026)",Munroe Hall 406 (MNR 406)
530,SOCI0240A-S26,Inequality & American Dream,Matt Lawrence,AMR SOC,"11:15am-12:05pm on Tuesday, Thursday (Feb 9, 2026 to May 11, 2026)",Munroe Hall 406 (MNR 406)
531,RUSS0202B-S26,Intermediate Russian,"Sasha Portice, Anna Melnikova",LNG,"9:45am-10:35am on Monday, Wednesday, Friday (Feb 9, 2026 to May 11, 2026)",Freeman FR1 (FIC FR1)
532,RUSS0312A-S26,Russ Cult and Civ II,Sasha Portice,"CW EUR, LIT, LNG","11:15am-12:30pm on Monday, Wednesday (Feb 9, 2026 to May 11, 2026)",Freeman FR1 (FIC FR1)
533,RUSS0352A-S26,"Dostoevsky Global Context
Dostoevsky in Global Context",Timothy Portice,EUR LIT,"2:15pm-3:30pm on Monday, Wednesday (Feb 9, 2026 to May 11, 2026)",Freeman FR2 (FIC FR2)
534,RUSS0359A-S26,The Art Of Nabokov,Matthew Walker,AMR LIT,"2:15pm-3:30pm on Tuesday, Thursday (Feb 9, 2026 to May 11, 2026)",Le Chateau 110 (CHT 110)
535,SOCI0101A-S26,Introduction to Sociology,Jamie McCallum,"AMR CMP, SOC","9:45am-11:00am on Monday, Wednesday (Feb 9, 2026 to May 11, 2026)",Axinn Center 109 (AXN 109)
536,SOCI0201A-S26,Sociology of Labor,Jamie McCallum,SOC,"12:45pm-2:00pm on Monday, Wednesday (Feb 9, 2026 to May 11, 2026)",Axinn Center 220 (AXN 220)
537,SOCI0226A-S26,Social Networks,Isabelle Langrock,DED SOC,"9:45am-11:00am on Tuesday, Thursday (Feb 9, 2026 to May 11, 2026)",Munroe Hall 409 (MNR 409)
538,SOCI0235A-S26,The City and Its People,Linus Owens,"AMR NOR, SOC","9:45am-11:00am on Tuesday, Thursday (Feb 9, 2026 to May 11, 2026)",Munroe Hall 406 (MNR 406)
539,SOCI0238A-S26,Visual Sociology,Linus Owens,SOC,"12:45pm-2:00pm on Tuesday, Thursday (Feb 9, 2026 to May 11, 2026)",Munroe Hall 406 (MNR 406)
540,SOCI0240A-S26,Inequality & American Dream,Matt Lawrence,AMR SOC,"11:15am-12:05pm on Tuesday, Thursday (Feb 9, 2026 to May 11, 2026)",Munroe Hall 406 (MNR 406)
541,SPAN0220B-S26,Intermediate Spanish II,Luis Castaneda,LNG,"11:15am-12:05pm on Monday, Wednesday, Friday (Feb 9, 2026 to May 11, 2026)",Library 230 (LIB 230)
542,SPAN0220C-S26,Intermediate Spanish II,Miguel Fernandez,LNG,"11:15am-12:05pm on Tuesday, Thursday, Friday (Feb 9, 2026 to May 11, 2026)",Axinn Center 104 (AXN 104)
543,SPAN0220D-S26,Intermediate Spanish II,Luis Castaneda,LNG,"1:10pm-2:00pm on Monday, Wednesday, Friday (Feb 9, 2026 to May 11, 2026)",Library 230 (LIB 230)
544,SPAN0250A-S26,Spanish for Heritage Speakers,Brandon Baird,LNG,"9:45am-11:00am on Tuesday, Thursday (Feb 9, 2026 to May 11, 2026)",Axinn Center 104 (AXN 104)
545,SPAN0299A-S26,Advanced Spanish Grammar,Nicolas Poppe,,"12:45pm-2:00pm on Friday (Feb 9, 2026 to May 11, 2026)",Library 230 (LIB 230)
546,SPAN0306A-S26,Narratives of Diversity Spain,Laura Lesta Garcia,EUR LNG,"11:15am-12:30pm on Tuesday, Thursday (Feb 9, 2026 to May 11, 2026)",Library 230 (LIB 230)
547,SPAN0310A-S26,Otherness in Hispanic Lit.,Luis Castaneda,"CMP LIT, LNG","9:45am-11:00am on Monday, Wednesday (Feb 9, 2026 to May 11, 2026)",Library 230 (LIB 230)
548,SPAN0322A-S26,Hispanic Linguistics,Marcos Rohena-Madrazo,"CMP LNG, SOC","9:45am-11:00am on Tuesday, Thursday (Feb 9, 2026 to May 11, 2026)",Twilight Hall 302 (AXT 302)
549,SPAN0329A-S26,Superhero Parodies,Enrique Garcia,"AMR ART, CMP, LIT, LNG","1:10pm-2:00pm on Monday, Wednesday, Friday (Feb 9, 2026 to May 11, 2026)",Sunderland Lanuage Ctr 130 (SDL 130)
550,SPAN0349A-S26,Hispanic Athletes,Enrique Garcia,"AMR CMP, LNG","8:40am-9:30am on Monday, Wednesday, Friday (Feb 9, 2026 to May 11, 2026)",Sunderland Lanuage Ctr 130 (SDL 130)
551,SPAN0422A-S26,Hispanic Bilingualism,Brandon Baird,"CMP LNG, SOC","12:45pm-2:00pm on Tuesday, Thursday (Feb 9, 2026 to May 11, 2026)",Axinn Center 104 (AXN 104)
552,SPAN0491A-S26,Decolonizing Zombies,Patricia Saldarriaga,"AMR ART, CMP, LNG","2:15pm-3:30pm on Monday, Wednesday (Feb 9, 2026 to May 11, 2026)",Library 201 (LIB 201)
553,STAT0116A-S26,Intro to Statistical Science,Emily Malcolm-White,DED,"8:15am-9:30am on Tuesday, Thursday (Feb 9, 2026 to May 11, 2026)",Warner Hall 100 (WNS 100)
554,STAT0118A-S26,Introduction to Data Science,Emily Malcolm-White,DED,"2:15pm-3:30pm on Monday, Wednesday (Feb 9, 2026 to May 11, 2026)",Warner Hall 101 (WNS 101)
555,STAT0118B-S26,Introduction to Data Science,TBD,DED,"8:15am-9:30am on Tuesday, Thursday (Feb 9, 2026 to May 11, 2026)",Warner Hall 104 (WNS 104)
556,STAT0201A-S26,Intro to Stat and Data Sci,Meaghan Winder,DED,"11:15am-12:30pm on Tuesday, Thursday (Feb 9, 2026 to May 11, 2026)",Warner Hall 105 (WNS 105)
557,STAT0201B-S26,Intro to Stat and Data Sci,Alex Lyford,DED,"12:45pm-2:00pm on Tuesday, Thursday (Feb 9, 2026 to May 11, 2026)",Warner Hall 100 (WNS 100)
558,STAT0211A-S26,Regression,Meaghan Winder,DED,"12:45pm-2:00pm on Tuesday, Thursday (Feb 9, 2026 to May 11, 2026)",Warner Hall 105 (WNS 105)
559,STAT0219A-S26,Time Series Analysis,Christian Stratton,DED,"9:45am-11:00am on Tuesday, Thursday (Feb 9, 2026 to May 11, 2026)",Warner Hall 105 (WNS 105)
560,STAT0310A-S26,"Probability
Please register via MATH 0310A",Becky Tang,DED,"1:10pm-2:00pm on Monday, Wednesday, Friday (Feb 9, 2026 to May 11, 2026)",Warner Hall 011 (WNS 011)
561,STAT0311A-S26,Statistical Inference,Becky Tang,DED,"11:15am-12:05pm on Monday, Wednesday, Friday (Feb 9, 2026 to May 11, 2026)",Warner Hall 011 (WNS 011)
562,STAT0410A-S26,"Stochastic Processes
Please register via MATH 0410A",Bill Peterson,DED,"1:10pm-2:00pm on Monday, Wednesday, Friday (Feb 9, 2026 to May 11, 2026)",Warner Hall 105 (WNS 105)
563,STAT0711A-S26,Statistical Consulting,Christian Stratton,DED,"11:15am-12:30pm on Tuesday, Thursday (Feb 9, 2026 to May 11, 2026)",Warner Hall 010 (WNS 010)
564,THEA0102A-S26,Acting I: Beginning Acting,Michole Biancosino,ART,"11:15am-12:30pm on Monday, Wednesday (Feb 9, 2026 to May 11, 2026)",Mahaney Center for the Arts 232 (MAC 232)
565,THEA0102B-S26,Acting I: Beginning Acting,Olga Sanchez Saltveit,ART,"11:15am-12:30pm on Tuesday, Thursday (Feb 9, 2026 to May 11, 2026)",Mahaney Center for the Arts 232 (MAC 232)
566,THEA0113A-S26,Lighting Design I: Beginning,Mark Evancho,ART,"9:45am-11:00am on Tuesday, Thursday (Feb 9, 2026 to May 11, 2026)",Wright Memorial Theater 205 (WTH 205)
567,THEA0120A-S26,Theatre Production and Design,Summer Jack,,"8:40am-9:30am on Friday (Feb 9, 2026 to May 11, 2026)",Wright Memorial Theater 205 (WTH 205)
568,THEA0129A-S26,Spring Production Studio: Des,Mark Evancho,ART,"1:30pm-4:15pm on Monday, Wednesday (Feb 9, 2026 to May 11, 2026)",Wright Memorial Theater THE (WTH THE)
569,THEA0214A-S26,Directing I: Beginning,Claudio Medeiros,,"2:15pm-3:30pm on Tuesday, Thursday (Feb 9, 2026 to May 11, 2026)",Mahaney Center for the Arts 232 (MAC 232)
570,THEA0218A-S26,Playwriting I: Beginning,TBD,ART CW,"9:45am-11:00am on Tuesday, Thursday (Feb 9, 2026 to May 11, 2026)",Adirondack House CLT (ADK CLT)